index,text
 ,1713
中央,1197
社会,1186
主义,1122
全会,1015
委员,916
发展,895
党,760
"
",724
会主,704
经济,670
同志,572
政治,563
委员会,537
会议,506
改革,456
全国,445
领导,431
革命,382
主席,367
思想,355
新,341
代表,316
我国,315
制度,315
团结,315
共产,309
国家,303
阶级,288
共产党,286
政治局,275
全党,272
中,271
国共,270
中央委员会,268
大会,244
群众,244
中国共产党,240
中央政治局,229
精神,224
体制,223
农村,220
特色,214
文化,212
第十,210
民主,208
完善,207
提高,204
路线,199
农业,197
现代化,191
书记,191
事业,187
	,185
无产,184
毛泽东,183
干部,183
无产阶级,183
贯彻,180
斗争,175
组织,175
讨论,165
提出,163
胜利,161
科学,160
开放,160
作,159
体系,158
历史,155
一九,153
党内,152
基础,150
全体会议,148
体会,148
理论,147
法治,146
党中央,146
纪律,144
指出,143
毛主席,143
国民,142
中央委员,142
国际,139
统一,139
马克思,138
马克,138
一步,137
形势,137
进一步,134
文明,133
世界,132
各族,132
深化,130
努力,130
生活,130
稳定,129
报告,128
北京,127
族人,126
教育,126
各族人民,126
候补,124
战略,124
治理,122
邓小平,122
保障,122
计划,121
国民经济,121
奋斗,120
党员,119
市场,119
增强,118
政策,115
方针,113
检查,113
中共,113
加快,111
创新,108
指导,108
反对,108
依法,107
目标,103
审议,102
推动,102
执政,102
管理,101
建立,101
水平,100
执行,100
各项,99
机制,99
国代,98
机构,98
十八,97
监督,97
国内,96
民族,96
讲话,95
和谐,95
十一,95
宪法,94
总书记,94
原则,94
党和国家,93
健全,92
副,92
解决,92
八届,91
国主,90
九五,89
习近平,89
主持,88
能力,88
维护,87
关系,86
坚定,85
全国代表大会,85
毛泽东思想,85
工业,85
列宁,84
帝国,84
落实,83
一九五,82
改革开放,81
特别,81
十七,81
出席,81
保证,81
治国,80
常务,79
增长,79
作风,78
第一,78
实践,78
时期,78
列席,78
作用,77
协调,77
实施,76
解放,76
发挥,76
服务,75
号召,75
十六,75
中央纪律检查委员会,75
经济体制,74
切实,74
负责,74
经济体,74
旗帜,73
核心,73
重要讲话,72
政府,72
大革命,71
大革,71
党的建设,70
经验,69
运动,69
国人,67
三个,67
活动,67
修正,67
精神文明,66
学习,66
党的领导,66
高举,66
道路,65
环境,65
常务委员会,65
四人帮,64
力量,64
决议,64
十二,63
法律,63
三中,63
文化大革命,63
马克思主义,63
企业,62
农民,62
马克思列宁主义,62
改善,62
中共中央,62
小康,61
建议,60
候补委员,59
成就,59
十三,59
负责同志,59
基层,58
紧密,58
江泽民,58
十九,58
江泽,58
行政,58
局面,57
各国,57
分子,57
着力,57
困难,56
日至,56
城乡,56
锦涛,55
体制改革,55
带领,55
两个,55
创造,55
作出,55
胡锦涛,55
和平,54
部署,54
调整,54
情况,54
长期,54
时代,54
三个代表,53
改进,53
利益,53
内外,53
选举,53
决策,53
二十,53
意义,52
条件,52
这是,52
邓小平理论,52
党章,52
实行,52
依法治国,52
方式,52
林彪,51
构建,51
帝国主义,51
中华,51
资产,51
军队,50
系列,50
经济社会,50
治党,50
大旗,50
不移,50
坚定不移,50
阶段,50
伟大旗帜,50
小康社会,49
公社,49
全党同志,49
持续,49
修正主义,49
责任,48
结构,48
十五,48
统筹,48
素质,48
中心,47
十年,47
修改,47
资产阶级,47
关键,47
反革命,47
腐败,47
自我,47
一届,47
职能,46
十一届,46
军事,46
增加,46
全党全国,46
战线,46
部门,46
始终,46
若干,45
人民公社,45
专政,45
全军,45
对外,45
一百,44
五年,44
党组,44
矛盾,44
队伍,44
意识,44
生态,44
审查,44
跃进,44
人大,44
技术,43
先进,43
党委,43
地区,43
发扬,43
批评,43
人员,43
劳动,42
草案,42
高度,42
总体,42
产品,42
一系,41
分析,41
大胜,41
七届,41
发展观,41
机关,41
刘少奇,41
领袖,41
一系列,41
措施,40
重点,40
全世界,39
科技,39
祖国,39
从严治党,39
华国,39
布局,39
严治,39
十四,39
华,39
华国锋,39
进展,39
地位,39
整顿,39
名单,38
百分之,38
政协,38
中央军,38
健康,38
为首,38
地方,38
党组织,38
伟大胜利,38
确保,38
支持,38
深化改革,38
百分,38
活力,37
研究,37
做好,37
集体,37
克服,37
更好,37
章程,37
分配,36
集团,36
十六届,36
规范,36
艰苦,36
影响,36
职务,36
意见,36
六届,36
物质,35
产量,35
深刻,35
世纪,35
国务院,35
贯彻落实,35
国务,35
实事,35
走,35
九年,34
领域,34
二次,34
资本,34
第三,34
规划,34
人才,34
立法,34
优势,34
反动,34
利于,34
受,34
产业,33
资源,33
中央军事委员会,33
全,33
八年,33
合作,33
保护,33
叶剑英,33
司法,33
法制,33
开创,33
实事求是,32
集中制,32
赵紫阳,32
方向,32
优良,32
四个,32
国防,32
第一次,32
质量,32
紫阳,32
制定,32
宏观,32
历史性,32
民主集中制,32
九次,32
权威,31
建成,31
主席团,31
粉碎,31
综合,31
万岁,31
抓好,31
工程,31
贯彻执行,31
对外开放,31
总,31
生产力,31
十七届,31
风险,31
九六,30
道德,30
听取,30
全国政协,30
工农,30
解放思想,30
国政,30
变化,30
一九六,30
主义者,30
党的基本,30
总路线,30
传统,30
书记处,30
经营,30
主体,30
成员,29
同意,29
新华,29
李先念,29
权利,29
艰苦奋斗,29
把握,29
收入,29
有利于,29
调控,28
大局,28
一九七,28
伟大领袖,28
就业,28
热烈,28
○,28
安定,28
评价,28
全局,28
第九,28
九七,28
人口,28
自觉,28
战争,28
粮食,28
高效,28
文件,28
阴谋,28
人选,27
一年,27
奋斗目标,27
委托,27
六次,27
三中全会,27
列席会议,27
中央书记处,27
工人,27
进程,27
协商,27
节约,27
围绕,27
中华民族,27
分发,27
贡献,27
成效,27
十三届,26
三次,26
国内外,26
三届,26
四中,26
领导人,26
十六大,26
五届,26
届,26
自治,26
强化,26
优化,26
六大,26
指标,26
反腐,26
国际形势,26
和谐社会,26
―,26
破坏,26
因素,25
公平,25
十一届三中全会,25
七年,25
宣传,25
监察,25
陈云,25
党和人民,25
三年,25
繁荣,25
公有,25
提供,25
全党全军,25
全国人大,25
效益,25
出发,25
武装,24
金融,24
成绩,24
五九,24
一中,24
面对,24
高度评价,24
第十七,24
讨论稿,24
宏观调控,24
利用,24
党风,24
九届,24
肯定,24
顾问,24
中央顾问委员会,24
一九五九年,24
七次,24
深远,24
压迫,24
伟大事业,24
第五,24
五九年,24
胡耀邦,24
公共,24
为序,23
秩序,23
调动,23
群众路线,23
自然,23
挑战,23
加大,23
参与,23
抓紧,23
树立,23
纲领,23
反动派,23
格局,23
推荐,23
权力,23
积极性,23
本主,23
发生,23
侵略,23
相结合,23
极性,23
一项,23
证明,23
紧紧,23
第四,23
紧密团结,23
抓住,22
部队,22
三十,22
成立,22
五中,22
反腐败,22
被压迫,22
充分发挥,22
第二次,22
第九次,22
内容,22
解放军,22
第六,22
结起来,22
五八,22
变革,22
五八年,22
做,22
四次,22
提请,22
职责,22
新形势下,22
公有制,22
阶级斗争,22
团结起来,22
第七,22
日电,22
一九五八年,22
结起,22
充分肯定,22
讲,21
一体,21
考验,21
常委,21
周恩来,21
缺点,21
过程,21
永远,21
二届,21
为民,21
成果,21
管理体制,21
批准,21
努力奋斗,21
选人,21
扎实,21
凝聚,21
恩来,21
政党,21
八十,21
党内外,21
夺取,21
知识,21
外交,21
自主,21
主权,21
第八,21
探索,20
强国,20
第十六届,20
财政,20
五年计划,20
运行,20
各级党委,20
期间,20
深入开展,20
二年,20
第六次,20
促,20
共和,20
应对,20
台湾,20
党政,20
开拓,20
社会保障,20
资本主义,20
定性,20
五次,20
美帝国主义,20
共和国,20
大成,20
信心,20
反党,20
优良传统,20
拥护,20
搞,20
坚强,20
恢复,20
十届,20
放在,20
大工,19
艰巨,19
党同,19
规律,19
竞争,19
大跃进,19
严肃,19
周年,19
主持会议,19
十一次,19
执法,19
蓬勃,19
增选,19
力度,19
二中,19
姓氏,19
顺利,19
廉洁,19
第十八届,19
中共中央纪律检查委员会,19
万吨,19
指导思想,19
区域,19
伟大工程,19
动摇,19
不懈,19
第十一次,19
领导人员,19
四中全会,19
体现,19
市场经济,19
正,19
开除,19
批判,19
改造,19
覆盖,19
安定团结,19
苏联,19
第三次,19
群众运动,18
五中全会,18
九十,18
战斗力,18
民生,18
十二届,18
引导,18
实力,18
递补,18
八次,18
公报,18
工农业,18
价格,18
公正,18
复兴,18
爱国,18
五七,18
培养,18
优秀,18
相互,18
城市,18
国有,18
撤销,18
现象,18
五七年,18
独立,18
敌人,18
华人,18
注重,18
一中全会,18
建立健全,18
履行,18
一九五七年,18
进取,18
治理整顿,18
步伐,18
配置,18
集中统一,17
方法,17
半年,17
光荣,17
全国人民代表大会,17
方案,17
违纪,17
法规,17
机遇,17
中统,17
干劲,17
廉政,17
抓,17
警惕,17
十,17
程序,17
给予,17
连续,17
第四次,17
代表大会,17
汪东兴,17
党籍,17
有序,17
家庭,17
时间,17
卫生,17
增产,17
市,17
中国共产党中央委员会,17
东兴,17
八月,17
强大,17
自治区,17
速度,16
机会,16
处分,16
违法,16
公开,16
领导班子,16
四大,16
灾害,16
拟向,16
出席会议,16
推进改革,16
承包,16
管党,16
六中全会,16
安排,16
居民,16
符合,16
整体,16
认真学习,16
多种,16
搞好,16
共产主义,16
六中,16
班子,16
自我批评,16
知识分子,16
重视,16
叛徒,16
正义,16
建国,16
动力,16
迎接,16
王洪文,16
干部队伍,16
反党集团,16
张春桥,16
基层组织,16
城镇,16
全民,16
方针政策,15
繁重,15
自信,15
第七次,15
修改草案,15
一战,15
党要,15
面临,15
候选,15
占,15
二月,15
妄图,15
指示,15
二中全会,15
生动,15
充满,15
全球,15
带头,15
先进性,15
革命家,15
系统,15
第十七届,15
确认,15
高级,15
候选人,15
姚文元,15
第五次,15
空前,15
物质文明,15
性质,15
需求,15
贫困,15
生命,15
担当,15
政治局面,15
揭批,15
明年,15
兴国,15
第十五,14
乔石,14
宏伟,14
农产品,14
中央政治局常委,14
年代,14
农产,14
笔划,14
说,14
切实加强,14
酝酿,14
亚洲,14
活泼,14
环节,14
继承,14
善于,14
李鹏,14
打击,14
走狗,14
理念,14
中华人民共和国,14
生产总值,14
准则,14
四届,14
大力发展,14
列宁主义,14
总值,14
议程,14
成功,14
总体布局,14
有机,14
一大,14
参加,14
务实,14
十年代,14
江青,14
突破,14
权益,14
保卫,14
第八届,14
推向,14
百年,14
供给,14
开幕,14
棉花,14
八五,14
并举,14
反复,13
中国共产党第九次全国代表大会,13
联合,13
医疗,13
形式,13
百万,13
民主权利,13
向前,13
新世纪,13
提交,13
引领,13
高级干部,13
分裂,13
状况,13
主权利,13
高素质,13
民主权,13
党执政,13
四项,13
两条,13
单位,13
城乡居民,13
女,13
重大进展,13
乡居,13
坚持不懈,13
两年,13
事务,13
展开,13
关心,13
自由,13
鼓足,13
平正,13
鼓足干劲,13
友好,13
增补,13
平稳,13
捍卫,13
党风廉政,13
二个,13
修正案,13
工人阶级,13
供应,13
反,13
培育,13
八中全会,13
人民解放军,13
八中,13
所有制,13
公平正义,13
大好,13
包括,13
整党,13
生动活泼,13
正式,13
思想路线,13
五大,13
制造,13
党派,12
大党,12
复辟,12
战略目标,12
勤俭,12
预计,12
凝聚力,12
各项任务,12
牢固,12
民主法制,12
四月,12
弘扬,12
更大,12
结束,12
专家,12
共产党员,12
满意,12
人类,12
家宝,12
着重,12
理想,12
基本路线,12
不愧,12
全面进步,12
改变,12
发动,12
观念,12
客观,12
产权,12
标准,12
要务,12
内部,12
新进展,12
第十八次,12
四十,12
国内形势,12
国际主义,12
第二个,12
各省,12
价值,12
康生,12
红旗,12
血肉,12
腐,12
十中全会,12
优先,12
十八次,12
牢记,12
开,12
征求,12
同心,12
人民军队,12
五百,12
创业,12
人民军,12
十中,12
土地,12
贸易,12
路线斗争,12
初级,12
十五大,12
温家,11
纠正,11
罪行,11
英明,11
教训,11
自力,11
生机,11
先锋,11
二百,11
密切联系,11
意志,11
公民,11
一千,11
正确处理,11
初级阶段,11
自然灾害,11
八日,11
开拓进取,11
遵守,11
学,11
积极因素,11
连续性,11
经济效益,11
充实,11
迈出,11
提前,11
执政党,11
现实,11
平衡,11
温家宝,11
代理,11
预备,11
效率,11
使命,11
定力,11
亿万,11
之间,11
开除党籍,11
同德,11
更生,11
第十二届,11
减少,11
五位,11
集中力,11
统一战线,11
主席台,11
商业,11
物价,11
集中力量,11
愧为,11
同胞,11
指引,11
营造,11
稳中求进,11
检察,11
攻坚,11
富强,11
同心同德,11
苏修,11
求进,11
造就,11
姚依林,11
奠定,11
觉悟,11
国情,11
综合治理,11
服从,11
林,11
刘伯承,11
平等,11
禁止,11
自力更生,11
紧紧围绕,11
广大党员,11
各项事业,11
投入,11
转移,11
富裕,11
动员,11
朱德,11
一部,11
团结奋斗,11
不愧为,11
帝国主义者,11
战胜,11
标志,11
创造性,10
大意,10
行使,10
功夫,10
十五届,10
贫下中农,10
第一个,10
办好,10
战略部署,10
十八日,10
毫不动摇,10
激发,10
一月,10
当家作主,10
家学,10
创建,10
党的纪律,10
制约,10
当家,10
香港,10
执政为民,10
一九八,10
设施,10
一条,10
着眼,10
锐意,10
官僚,10
危险,10
第十二次,10
走向,10
本国,10
第十三届,10
担任,10
预备会,10
提倡,10
打倒,10
预备会议,10
坚决执行,10
九中,10
五位一体,10
投资,10
专家学者,10
巨大成就,10
美帝,10
提名,10
学者,10
事件,10
尊重,10
优越,10
不动,10
决胜,10
掌声,10
越南,10
中共中央政治局,10
公共服务,10
各类,10
精力,10
各条战线,10
控制,10
董必武,10
坚实,10
党的路线,10
港澳,10
澳门,10
超额,10
住,10
目的,10
危机,10
责任制,10
战备,10
四日,10
战略部,10
优越性,10
两面,10
表现,10
第十九次,10
国统,10
十四大,10
下中农,10
作主,10
九中全会,10
全面提高,10
纪检监察,10
振兴,10
金融危机,10
贫下,10
壮大,10
中农,10
大国,10
巡视,10
命运,10
本世纪,10
办事,10
纪检,10
力争,10
思想道德,10
层次,10
领导集体,10
鼓励,10
工作作风,10
胡启立,10
平反,10
代理人,10
丰收,10
九八,10
十四日,10
各条,10
十二次,10
邦国,9
崇高,9
当代,9
十七次,9
全场,9
一小,9
分配制度,9
李德,9
一批,9
赵乐际,9
很大,9
摆在,9
奋发,9
光辉,9
人心,9
效能,9
求真,9
创造力,9
决定性,9
梦,9
李德生,9
二日,9
集体领导,9
老一辈,9
十周,9
主动,9
城镇化,9
民族团结,9
隆重,9
稳妥,9
一辈,9
基调,9
新格局,9
宝贵,9
时刻,9
拓宽,9
交流,9
神圣,9
在实践中,9
鼓舞,9
充分认识,9
使党,9
立党为公,9
中国人民解放军,9
七十,9
自我完善,9
势头,9
经济秩序,9
十年规划,9
本利,9
拉丁美洲,9
方位,9
第十九届,9
总产,9
重大意义,9
非洲,9
根本利益,9
赋予,9
对党,9
拉丁,9
大幅,9
稳定性,9
用人,9
幅度,9
信念,9
建党,9
实践证明,9
完备,9
手段,9
强调指出,9
规模,9
模范,9
初步,9
吴邦国,9
主题,9
首要,9
国力,9
开发,9
导向,9
理政,9
美洲,9
综合国力,9
政治路线,9
年来,9
紧抓,9
关键在于,9
配制,9
位置,9
大干,9
求真务实,9
监管,9
极其重要,9
超额完成,9
增产节约,9
九十年代,9
确立,9
分配制,9
政策措施,9
请求,9
一百年,9
十四届,9
要素,9
改革方案,9
十日,9
一心,9
城乡人民,9
乡人,9
第十五届,9
趋势,9
十周年,9
五十,9
九十年,9
第十七次,9
殖民,8
推行,8
这场,8
选拔,8
官僚主义,8
过渡,8
下半年,8
环境保护,8
颠覆,8
局势,8
翻一番,8
迫切,8
和平统一,8
孤立,8
途径,8
团体,8
非公,8
原理,8
依法行政,8
上层,8
上半年,8
・,8
面前,8
战略决策,8
前,8
互利,8
非公有,8
莫斯科,8
重要性,8
悼念,8
步骤,8
着眼于,8
结构调整,8
地为,8
抓纲治国,8
充满活力,8
叶,8
态度,8
第十一届,8
相适应,8
一伙,8
亲密,8
职业,8
党政军,8
商品,8
基本纲领,8
表率,8
司令部,8
理顺,8
全方位,8
消费,8
天下,8
朝气,8
保,8
六一,8
一小撮,8
产业结构,8
科学技术,8
文化教育,8
回顾,8
导师,8
倾向,8
约束,8
一九六一年,8
优异,8
阐明,8
国有企业,8
人民代表大会,8
努力提高,8
杨尚昆,8
提升,8
选出,8
英勇,8
协同,8
千方,8
勇于,8
战友,8
下功夫,8
首位,8
程度,8
党性,8
广大干部,8
千方百计,8
千五,8
一国两制,8
原定,8
激烈,8
按劳分配,8
产值,8
问责,8
四年,8
基础设施,8
担负,8
法定,8
事情,8
义务,8
相适,8
五二,8
降低,8
建筑,8
历史进程,8
财产,8
庆祝,8
唯物,8
忠诚,8
下半,8
右倾,8
共享,8
指导方针,8
政府职能,8
气氛,8
支援,8
万众,8
大好形势,8
真理,8
当选,8
上半,8
一九五二年,8
办,8
忠实,8
流通,8
基本建设,8
本原,8
积累,8
人士,8
主任,8
经受,8
一支,8
特征,8
武器,8
上层建筑,8
省,8
专业,8
五二年,8
发动群众,8
党和政府,8
战略性,8
服务体系,8
一部分,8
学校,8
百计,8
准确,8
司令,8
努力实现,8
实实,8
功能,7
力争上游,7
兼顾,7
纪律检查,7
基础性,7
机遇期,7
整风,7
李瑞环,7
永不,7
落到,7
首创精神,7
惩治,7
党规,7
实处,7
编制,7
渠道,7
不想,7
设备,7
时机,7
兄弟,7
优先发展,7
全意,7
马列,7
瞩目,7
九月,7
小组,7
行业,7
轨道,7
背叛,7
种种,7
差距,7
持久,7
管理制,7
战斗任务,7
大团,7
特权,7
十六次,7
批,7
长治久安,7
第十四届,7
活用,7
发表,7
扶贫,7
头脑,7
共同富裕,7
相,7
形式主义,7
亿斤,7
劳动者,7
紧迫,7
第五届,7
材料,7
两面派,7
落到实处,7
走资,7
消除,7
转,7
提高警惕,7
秋里,7
基本原理,7
一百二,7
舆论,7
上游,7
八十年,7
科技进步,7
前列,7
大团结,7
余秋里,7
之二,7
现代农业,7
设置,7
根本保证,7
起点,7
严明,7
统一行动,7
万众一心,7
适合,7
会上,7
这一,7
看齐,7
大业,7
指挥,7
陈伯达,7
广大群众,7
与时俱进,7
多年,7
完全正确,7
争上游,7
纪委,7
所作,7
总理,7
世界观,7
产能,7
净化,7
不开,7
分工,7
优良作风,7
顺利进行,7
举世,7
陈锡联,7
暂时,7
一日,7
应,7
结成,7
政治协商,7
清醒,7
生态环境,7
几个,7
纲要,7
独立自主,7
工农兵,7
多方面,7
机会主义,7
团结一致,7
领导核心,7
法制建设,7
只能,7
一场,7
民主党派,7
钢,7
百二,7
一行,7
促生产,7
多方,7
不断完善,7
农村基层,7
马列主义,7
纪登奎,7
享有,7
举世瞩目,7
首创,7
联系实际,7
斗,7
实干,7
长治,7
带动,7
接受,7
野心,7
决不允许,7
七中全会,7
资源配置,7
执纪,7
倡导,7
前提,7
率先,7
高,7
著作,7
全心全意,7
台阶,7
严峻,7
风气,7
2007,7
久安,7
曲折,7
面貌,7
革命斗争,7
共同努力,7
指战员,7
形态,7
二五,7
医疗卫生,7
朝气蓬勃,7
一体化,7
改,7
民主党,7
十个,7
肩负,7
充分准备,7
管理制度,7
新党,7
第十六次,7
幸福,7
违反,7
大群,7
全心,7
群众性,7
立足,7
统一大业,7
田纪云,7
动乱,7
保障制度,7
已有,7
光明,7
二十三,7
活学活用,7
走资派,7
阴谋家,7
议题,7
脱贫,7
居安思危,7
投票,7
李克强,7
认真执行,7
多党合作,7
一点,6
一九七九年,6
野心家,6
轻工业,6
生产能力,6
认真贯彻,6
大中,6
十一五,6
先锋队,6
一副,6
扶持,6
宏伟目标,6
经验教训,6
纯洁,6
七九年,6
两条路,6
兼备,6
清正,6
一五,6
十二月,6
作人,6
领导权,6
面向,6
大幅度,6
尉健行,6
紧密结合,6
社会治安,6
尼亚,6
审判,6
错综复杂,6
忠于,6
核实,6
丁关根,6
一件,6
强军,6
重大成就,6
阵营,6
人均,6
本质,6
基本国策,6
课题,6
三日,6
平均,6
归功于,6
总产值,6
限度,6
增进,6
勤俭建国,6
十三次,6
十月,6
引向,6
消灭,6
区别,6
十二五,6
全过程,6
德才兼备,6
有利条件,6
救灾,6
举措,6
抓住机遇,6
水利,6
六二年,6
好转,6
几亿,6
德才,6
闭幕,6
高潮,6
稳步,6
调节,6
完整,6
任何人,6
学分,6
发达,6
办法,6
一十,6
煤,6
理论体系,6
律师,6
守法,6
并存,6
缩小,6
权责,6
心情,6
祖国统一,6
六年,6
科学分析,6
效应,6
危害,6
分开,6
十次,6
高涨,6
决心,6
治安,6
台湾同胞,6
八百,6
工厂,6
六日,6
化解,6
大力加强,6
薄弱,6
二十八,6
几年,6
习仲勋,6
纲领性,6
长远,6
苏共,6
二十一,6
共处,6
始终保持,6
忧患意识,6
无记名,6
预防,6
一种,6
蓬勃发展,6
坚定信心,6
比例,6
力加,6
国民党,6
群,6
第八次,6
非公有制,6
坚实基础,6
密结,6
终身,6
查处,6
马克思主义者,6
一九六二年,6
本领,6
错综,6
百分之二十,6
分不开,6
状态,6
接班,6
检察机关,6
十大,6
支撑,6
实际行动,6
远景,6
服务业,6
明显改善,6
本法,6
法律法规,6
新型,6
同体,6
粮食安全,6
优异成绩,6
国际共产主义运动,6
集体经济,6
民政,6
教条,6
健行,6
硬,6
紧张,6
何人,6
国策,6
政治文明,6
民党,6
万里,6
七九,6
六二,6
秘书,6
许其亮,6
所说,6
律法,6
宗旨,6
依靠群众,6
职工,6
英明领袖,6
锐意改革,6
三千,6
全面落实,6
公司,6
保持稳定,6
信息,6
第一副,6
归功,6
农民收入,6
完全同意,6
岗位,6
五项,6
第十三次,6
两条路线,6
勃发,6
品种,6
工业化,6
多快好省,6
案件,6
革新,6
轻工,6
和平共处,6
快速,6
篡改,6
应有,6
人与自然,6
前途,6
扩大开放,6
殖民主义,6
共同体,6
人为,6
立场,6
接班人,6
逝世,6
工作人员,6
振奋,6
衔接,6
外贸,6
贯穿,6
新党章,6
主导,6
站,6
富有,6
忧患,6
冲击,6
日本,6
记名,6
不准,6
压制,6
原料,6
八百万,6
职权,6
两岸,6
教导,6
几十,5
充分发扬,5
工贼,5
内在,5
原因,5
创新能力,5
世友,5
现行,5
生育,5
多层,5
乔木,5
二十四,5
信息化,5
文献,5
多层次,5
扎扎,5
落后,5
赞同,5
艰苦创业,5
长春,5
依规,5
这项,5
积极参与,5
学生,5
服务型,5
新民,5
两,5
万年,5
指明,5
变幻,5
信任,5
拥有,5
胡乔木,5
全会精神,5
较大,5
李富春,5
工资,5
抓紧抓好,5
聂荣,5
规矩,5
法人,5
战士,5
巴尼亚,5
全国人民代表大会常务委员会,5
彭真,5
超过,5
各个领域,5
年轻,5
干净,5
挽救,5
反面,5
强有力,5
环境友好,5
抗美,5
六十,5
舒畅,5
懂得,5
事实,5
总揽,5
本方,5
阶段性,5
统筹兼顾,5
重工,5
初心,5
暴乱,5
局部,5
氛围,5
上级,5
高度重视,5
军委,5
教条主义,5
表达,5
张万年,5
王岐山,5
堡垒,5
科学化,5
外交政策,5
创立,5
有步骤,5
高质,5
阿尔巴,5
性,5
岐山,5
典型,5
尊重群众,5
七千,5
经济战线,5
第十五次,5
承包经营,5
许世友,5
明显提高,5
一律,5
高质量,5
日益增长,5
结论,5
心情舒畅,5
长时间,5
李,5
尊严,5
大中型,5
防范,5
苏美,5
沪宁,5
举起,5
三十周年,5
十三日,5
处于,5
风云变幻,5
左,5
公正司法,5
兴旺,5
八十年代,5
宋任穷,5
王沪宁,5
主观,5
竞争力,5
复杂多变,5
温饱,5
组织路线,5
主监,5
十一月,5
罪恶,5
理想信念,5
辩证,5
广泛开展,5
汪洋,5
集中精力,5
〇,5
笔画,5
革命化,5
二人,5
老实,5
军民,5
切实做好,5
颠倒,5
五日,5
马克思列宁主义者,5
本世纪末,5
代表团,5
庄严,5
难题,5
希望,5
朱镕基,5
世纪末,5
肃清,5
百三,5
人民日报,5
内部矛盾,5
扎扎实实,5
制宜,5
放在首位,5
诚信,5
法办,5
主动性,5
接近,5
能源,5
有责,5
口号,5
第二步,5
保卫祖国,5
基地,5
身体,5
新理念,5
未来,5
十四次,5
八项,5
二十四日,5
行政区,5
政区,5
货币,5
价值观,5
载入,5
充分体现,5
努力完成,5
所系,5
中央全会,5
人民团体,5
线,5
本性,5
势力,5
搞上去,5
领土,5
专业化,5
因地制宜,5
诉讼,5
型,5
民团,5
修养,5
税收,5
阿尔巴尼亚,5
尔巴,5
并作,5
缺乏,5
设立,5
方略,5
所得,5
沿海,5
妥善,5
依宪,5
民心,5
领导职务,5
聂荣臻,5
统领,5
与会,5
愿望,5
爱国主义,5
辞去,5
七个,5
清除,5
提议,5
五项原则,5
之风,5
亲切,5
清正廉洁,5
奋勇前进,5
深度,5
劳动力,5
一贯,5
各方,5
赢,5
跨世纪,5
经历,5
党员干部,5
道德素质,5
发现,5
业生,5
组成部分,5
中型,5
姓氏笔画,5
上涨,5
融合,5
第十四次,5
开放型,5
核心作用,5
战书,5
中央军委,5
日报,5
予以,5
平凡,5
着重点,5
功绩,5
民主监督,5
模范作用,5
热情,5
我党,5
二十八日,5
错案,5
同时并举,5
依法办事,5
重工业,5
开拓创新,5
事,5
基本方针,5
倪志福,5
文化素质,5
二步,5
立国,5
黄克诚,5
现阶段,5
阐述,5
优秀人才,5
风云,5
观点,5
下大,5
十五次,5
现代修正,5
百一,5
总揽全局,5
审批,5
交通,5
栗,5
外国,5
以人为本,5
分体,5
各个方面,5
遗留,5
用权,5
风清气,5
不忘,5
徐向前,5
第九届,5
多变,5
李长春,5
总方针,4
二位,4
价值体系,4
陈永贵,4
最新,4
政权,4
严格执法,4
反腐倡廉,4
面积,4
学大庆,4
根本性,4
条,4
宣传教育,4
安居,4
苦干,4
走上,4
七七年,4
社会效益,4
交替,4
教,4
流转,4
干涉,4
一手,4
卓越,4
征求意见,4
调,4
陈良宇,4
二是,4
旺发,4
稳,4
决不能,4
战无不胜,4
无不,4
陈希同,4
唯物论,4
一是,4
符合实际,4
去年同期,4
长龙,4
七五,4
边疆,4
陈毅,4
消极,4
标本,4
右派,4
认真落实,4
攻坚战,4
摧毁,4
政风,4
步子,4
标本兼治,4
爱好,4
辉煌,4
提前完成,4
同盟,4
勾结,4
两番,4
务必,4
中来,4
自律,4
吴德,4
事项,4
稳定增长,4
同期,4
得票,4
丰功伟绩,4
大于,4
农用,4
两类,4
深信,4
统计,4
灭亡,4
为重,4
七八年,4
百八十,4
大兴,4
百万吨,4
工业生产,4
朝鲜,4
内涵,4
越来越,4
几十年,4
联产,4
国防建设,4
克服困难,4
贾庆林,4
史册,4
将来,4
常务副,4
陈作霖,4
国民素质,4
整体素质,4
五三年,4
生,4
建国以来,4
新民主主义革命,4
第一书记,4
抗灾救灾,4
大大提高,4
历来,4
抵御,4
未有,4
上要,4
反共,4
雷动,4
公众,4
响起,4
过渡时期,4
智慧,4
学说,4
面目,4
历程,4
下届,4
显著成绩,4
物论,4
进步事业,4
论断,4
依然,4
以身作则,4
奉行,4
倡廉,4
腐败现象,4
王张,4
蓄意,4
转换,4
大胆,4
十二日,4
共建,4
普遍提高,4
相互促进,4
破坏活动,4
老同志,4
十二大,4
联产承包,4
总结经验,4
清,4
十三年,4
黄永胜,4
发点,4
吨,4
2008,4
工业品,4
任人,4
遗志,4
不可避免,4
学习型,4
事关,4
运行机制,4
社员,4
贫困人口,4
迟浩田,4
伟大成就,4
分类,4
发扬民主,4
重申,4
一天天,4
攻击,4
内奸,4
天天,4
报,4
党建,4
纯洁性,4
开辟,4
十几,4
运转,4
一九七八年,4
简政,4
妨碍,4
依法治理,4
五三,4
充分调动,4
严重错误,4
浪费,4
一百二十,4
适时,4
第三代,4
配套,4
副业,4
新高潮,4
追认,4
韦国清,4
改正,4
察看,4
与会同志,4
比较完善,4
经济布局,4
免除,4
大规,4
追究,4
脱离,4
江姚,4
极少数,4
地主,4
纲,4
物价上涨,4
遏制,4
试行,4
社会化,4
会风,4
继续前进,4
总任务,4
特务,4
党纪,4
两手,4
身体力行,4
劳有所得,4
病有所医,4
廉洁自律,4
长,4
意识形态,4
作物,4
七八,4
作者,4
实效,4
新高,4
篡夺,4
杨晓渡,4
以苏修,4
关键环节,4
一九七七年,4
宏观经济,4
推翻,4
实验,4
鲁晓夫,4
收成,4
兴起,4
各项改革,4
封建,4
突出重点,4
小康水平,4
根本任务,4
影响力,4
七七,4
霸权,4
亿万人民,4
国际事务,4
统治,4
薄一波,4
创建活动,4
违法行为,4
体力,4
顺应,4
办成,4
亿元,4
激励,4
新老交替,4
态势,4
救国,4
革命胜利,4
生产率,4
统分,4
青,4
搞活,4
奥运,4
刘华清,4
少,4
特大,4
公职,4
一致同意,4
崭新,4
混乱,4
十一日,4
迈上,4
绿色,4
一九五三年,4
九届全国人大,4
崩溃,4
留党察看,4
工作者,4
成熟,4
涌现,4
精心,4
抗灾,4
成本,4
高地,4
大规模,4
深层次,4
承前启后,4
奋发图强,4
集约,4
锐意进取,4
资源节约型,4
装备,4
越来,4
极少,4
勃勃,4
刘云山,4
对外贸易,4
真抓实干,4
安居乐业,4
破除,4
法治化,4
党员队伍,4
检验,4
深层,4
以华,4
云山,4
西部,4
声明,4
爱好和平,4
厉行,4
犯错误,4
第七届,4
全球化,4
常态,4
形象,4
霸权主义,4
精准,4
廉政建设,4
组织生活,4
良好条件,4
出发点,4
开局,4
下级,4
注入,4
党群,4
老有所养,4
困人,4
心中,4
节约型,4
之际,4
针对性,4
摄,4
犯错,4
两份,4
一道,4
大局意识,4
中国化,4
立下,4
想认,4
顺畅,4
自由化,4
一九七五年,4
万担,4
夺权,4
三亿,4
兴旺发达,4
负担,4
寨,4
涉及,4
篡党,4
韩正,4
万万,4
变质,4
振奋精神,4
那种,4
跨越,4
万万岁,4
秘书长,4
会同,4
图强,4
乐业,4
十三大,4
聚精会神,4
收到,4
大庆,4
政企,4
奋进,4
物资,4
海外,4
九人,4
丰功,4
机床,4
统分结合,4
百亿,4
无党派,4
赫鲁晓夫,4
期望,4
常委会,4
手工,4
紧迫性,4
有权,4
中华人民共和国宪法,4
不息,4
高速,4
顽强,4
吸收,4
范,4
鲜明,4
谨慎,4
翻两番,4
循环,4
地说,4
紧紧抓住,4
英雄,4
根本法,4
减轻,4
百万担,4
力行,4
生命力,4
越,4
委会,4
待遇,4
谦虚,4
永胜,4
书,4
管理体系,4
插手,4
爱国统一战线,4
养老,4
无党,4
下放,4
前进方向,4
农业学大,4
居,4
劳动生产率,4
零售,4
必需,4
三代,4
杨,4
传教,4
支柱,4
开创性,4
可靠,4
做出,4
深入人心,4
保险制度,4
解决问题,4
全面实施,4
人民满意,4
损害,4
伟绩,4
思想认识,4
经久不息,4
曾庆红,4
经久,4
科学规范,4
互补,3
资料,3
来源,3
正反两方,3
效果,3
杨得志,3
高水平,3
规范化,3
起立,3
业绩,3
存亡,3
重大突破,3
爱,3
尽可,3
三时,3
四十九,3
受灾地区,3
经济基础,3
畅所欲言,3
呈现,3
共识,3
美援,3
干扰,3
五人,3
信用,3
寻找,3
膨胀,3
土钢,3
劳动党,3
八千,3
国有资本,3
以权,3
神圣同盟,3
形而上学,3
超级,3
一人,3
蒙古,3
平息,3
考核,3
二亿七千万吨,3
之下,3
十八年,3
违背,3
公职人员,3
动向,3
面红,3
透明,3
依靠人民,3
农林牧,3
出位,3
甘心,3
估计,3
友好关系,3
三是,3
推出,3
惠及,3
一十二,3
张德江,3
孙政才,3
制度化,3
谷牧,3
改组,3
表率作用,3
钢产量,3
四是,3
正规化,3
李铁映,3
集体主义,3
七百,3
问候,3
圆满,3
最低,3
飞跃,3
市场调节,3
滋长,3
原材,3
蓬蓬勃勃,3
吴法宪,3
惩治腐败,3
六千,3
成败,3
赢得,3
三面红旗,3
金山,3
二亿,3
头上,3
权威性,3
条例,3
严厉,3
腐败体系,3
脱颖,3
监督制度,3
一大批,3
解放出来,3
源头,3
均等,3
思路,3
整党工作,3
科学实验,3
外资,3
民意,3
百分之九十,3
之三,3
民主派,3
大治,3
人事,3
隐瞒,3
谦虚谨慎,3
道德修养,3
枉法,3
风尚,3
舆论导向,3
乡镇,3
实践经验,3
切身利益,3
政企分开,3
国家机关,3
李铁,3
一刀,3
九大,3
前所,3
初期,3
收获量,3
功勋,3
作出贡献,3
武装斗争,3
一百八,3
国际化,3
张,3
任人唯贤,3
干预,3
投身,3
福祉,3
吴,3
农田,3
补贴,3
援助,3
揭露,3
卫兵,3
一九五四年,3
破解,3
勤政,3
审判机关,3
本次,3
一百九十,3
七千万,3
迎难而上,3
辜负,3
行之有效,3
两方,3
失业,3
威信,3
大地,3
促进派,3
思维,3
五月,3
异己分子,3
愤怒,3
剥削,3
港澳台,3
同级,3
欺负,3
善处,3
不失,3
切身,3
打断,3
根基,3
美好,3
地震,3
宽,3
全面实现,3
谢富治,3
治军,3
突出位置,3
以新,3
文艺,3
陷于,3
拼搏,3
轰轰烈烈,3
超级大国,3
中体,3
计算,3
宣言,3
有效性,3
苏共中央,3
节能,3
土法生产,3
性地,3
人生,3
城镇职工,3
间接,3
路上,3
专项,3
精神状态,3
敌我,3
驱动,3
制止,3
致以,3
放出,3
义务教育,3
成份,3
降低成本,3
负起,3
大战,3
先进分子,3
王德瑛,3
妥善处理,3
交往,3
收获,3
党心,3
同步,3
惠民,3
光明正大,3
首要任务,3
相处,3
改选,3
解难,3
路,3
巨大贡献,3
量力,3
集中体现,3
头,3
纳入,3
监督权,3
陈丕显,3
新闻,3
具备,3
低,3
委,3
治国安邦,3
一位,3
民法,3
多样,3
二十三日,3
自主权,3
振华,3
困难群众,3
统筹规划,3
见到,3
海内,3
精简,3
常务委员,3
陆定一,3
团结奋进,3
预期,3
就座,3
主流,3
军,3
朋友,3
各项政策,3
权,3
协力,3
原材料,3
意愿,3
低成本,3
经济运行,3
篡党夺权,3
十一大,3
犯有,3
警惕性,3
年轻干部,3
手工业,3
建平,3
五四,3
工业部,3
团组织,3
治病,3
2001,3
指南,3
理解,3
出党,3
任用,3
双层,3
在思想上,3
徇私,3
十五日,3
清单,3
大丰收,3
示范,3
畅通,3
共分,3
八人,3
信仰,3
人身,3
一百三十,3
侵蚀,3
高中,3
信,3
分组讨论,3
担负起,3
财政收入,3
杨白冰,3
冬季,3
空间,3
损失,3
二十七,3
地向,3
变色,3
冤假错案,3
学风,3
第三个,3
青年,3
极左,3
运输,3
陆定,3
机构编制,3
收购,3
控股,3
征地,3
增多,3
轰轰,3
党群关系,3
不作,3
爱国人士,3
二元,3
法定化,3
增收,3
得志,3
红卫兵,3
发言,3
农田水利,3
求实,3
以利于,3
正规,3
软,3
续加,3
吴学谦,3
不失时机,3
继续加强,3
流毒,3
铺张,3
徇私枉法,3
武装头脑,3
欢呼,3
千万吨,3
直辖,3
查明,3
公信,3
渡过,3
总需求,3
脱颖而出,3
第二届,3
宗派,3
面向世界,3
同党,3
人才培养,3
三面,3
季度,3
包围,3
一亿,3
共赢,3
基本点,3
人才队伍,3
四分,3
十五年,3
三结合,3
忽视,3
联动,3
三项,3
文化产业,3
清算,3
百五十,3
支付,3
法院,3
开来,3
李岚清,3
公安,3
无私,3
报复,3
互助,3
公务,3
思想作风,3
四种,3
三千五,3
现有,3
市场秩序,3
带来,3
阴谋活动,3
冤案,3
三级,3
逆流,3
决不会,3
暴露,3
物主,3
浮夸,3
实意,3
保障体系,3
灵活,3
秦基伟,3
派别,3
补充,3
推广,3
正大,3
全力以赴,3
着重指出,3
德江,3
歌颂,3
是非,3
规章,3
修,3
五千,3
邓颖超,3
禁区,3
创造性地,3
大丰,3
刑事,3
整改,3
继往,3
双层经营,3
严肃认真,3
强加,3
展现,3
号声,3
整治,3
话,3
受灾,3
找到,3
长效机制,3
产出,3
总产量,3
团组,3
民负,3
公共事业,3
张升民,3
本世纪内,3
监察机关,3
进,3
战术,3
例外,3
进军,3
放权,3
适度,3
坏分子,3
大河,3
民族区域,3
有所提高,3
防治,3
春华,3
干群,3
奋发有为,3
生产队,3
帝,3
正确认识,3
战略思想,3
比二,3
农林,3
深入分析,3
收支,3
绝大多数,3
全面完成,3
日讯,3
权限,3
任人唯,3
共事,3
领导成员,3
压法,3
刀切,3
合力,3
面,3
赛福,3
村民,3
分组,3
形而上,3
间,3
十六日,3
方毅,3
上学,3
前所未有,3
农民负担,3
重任,3
服务水平,3
大江,3
通货,3
市场机制,3
创举,3
正反,3
放开,3
科教,3
很快,3
社会安定,3
首都,3
理论指导,3
激起,3
继往开来,3
海内外,3
科教兴国,3
定型,3
二十日,3
揭发,3
友爱,3
不合,3
人民网,3
国营,3
履职,3
事业单位,3
敬意,3
模式,3
口号声,3
现实意义,3
新生,3
可耻,3
满怀信心,3
发有,3
尊崇,3
四海,3
负有,3
以利,3
齐心,3
藐视,3
冤假,3
九个,3
坚决贯彻,3
既要,3
功能区,3
国家主权,3
优势互补,3
资格,3
东北,3
障碍,3
土法,3
力求,3
世界大战,3
自觉性,3
一刀切,3
奉公,3
资金,3
优化结构,3
赛福鼎,3
社会风气,3
剥削阶级,3
中央纪委,3
一千二百,3
令行禁止,3
久经,3
绝大,3
党工,3
塑造,3
奋力,3
拒腐防变,3
生死,3
人生观,3
石兆彬,3
严格执行,3
异己,3
有待,3
召集,3
十几亿,3
日常,3
识别,3
正义斗争,3
长效,3
产业工人,3
压倒,3
奉献,3
南方,3
实质,3
试点,3
计划经济,3
天安门,3
武装力量,3
员,3
有成,3
监督制,3
133,3
烈烈,3
久经考验,3
天下大治,3
经营机制,3
满怀,3
访问,3
翻案,3
判断,3
污蔑,3
奉承,3
家主,3
八个,3
以党,3
私营,3
党法,3
后劲,3
铺张浪费,3
基本国情,3
明确规定,3
三要,3
三月,3
利剑,3
直辖市,3
五湖四海,3
十多,3
市场化,3
赵洪祝,3
民主协商,3
正气,3
法定程序,3
刘志军,3
多月,3
安邦,3
纪律性,3
竞赛,3
百分之几,3
委员长,3
李嘉廷,3
绝不允许,3
七六,3
蓬蓬,3
姜春云,3
大湖,3
公仆,3
两条道路,3
勇气,3
志军,3
范化,3
小城,3
三千五百,3
杰出,3
各行,3
深入群众,3
财产权,3
疯狂,3
区,3
分步,3
天安,3
福鼎,3
因病,3
迫切需要,3
行为规范,3
关心群众,3
大陆,3
蒙古族,3
产品产量,3
陈慕华,3
大众,3
侨胞,3
大型,3
和睦,3
百五,3
郝建秀,3
生死存亡,3
挂帅,3
紧跟,3
整合,3
深厚,3
普及,3
失败,3
一千二,3
公共卫生,3
侠,3
国外,3
热潮,3
数量,3
拓展,3
新台阶,3
以言代法,3
放手,3
清晰,3
相信群众,3
国安,3
简政放权,3
采用,3
成,3
打下,3
技术装备,3
七日,3
想,3
苏振华,3
流动,3
关键时刻,3
极右,3
五湖,3
高技,3
生命财产,3
侵略者,3
所欲,3
犯罪,3
要带头,3
开成,3
薄熙来,3
政治经济,3
指导意义,3
名义,3
零售额,3
整风运动,3
市场供应,3
王建平,3
一百一十,3
清廉,3
入党,3
执行权,2
海地,2
欢欣,2
薛祥,2
烂,2
策略,2
购买力,2
坚守,2
国有资产,2
深受,2
一揽子,2
中小型,2
看病,2
急需,2
大部分,2
封闭,2
税收制度,2
始终不渝,2
整套,2
远大,2
廉洁奉公,2
外部,2
历史唯物论,2
当作,2
不利于,2
外部环境,2
追求,2
想办,2
鼎新,2
社会制度,2
封建主,2
一段,2
占有,2
项俊波,2
幸灾乐祸,2
较量,2
从党,2
关,2
侵犯,2
登上,2
鹏,2
二十九,2
循序,2
官僚资本主义,2
西南,2
双向,2
油料,2
审判权,2
技术水平,2
错误思想,2
业务,2
过高,2
植根,2
为先,2
与此,2
灾区,2
亲属,2
购价,2
奇怪,2
妇女,2
小企业,2
载体,2
刘澜涛,2
真对,2
监督机制,2
地去,2
贫困地区,2
杜世成,2
李书磊,2
财富,2
养老保险,2
救人,2
中有,2
美好生活,2
余毒,2
巨大变化,2
三十分,2
康庄大道,2
一千五百,2
凤山,2
持家,2
204,2
无疆,2
清理,2
硬道理,2
不败,2
王鹤寿,2
共青团,2
责任意识,2
小麦,2
大辩论,2
专题,2
七一,2
第十个,2
全文,2
静默,2
最为,2
利用率,2
六七,2
二十五,2
家庭副业,2
抗日战争,2
深入基层,2
华文,2
原煤,2
人际关系,2
混合,2
市委,2
广阔,2
万庆,2
第三世界,2
人平,2
修复,2
一分为二,2
外长,2
工业战线,2
复杂性,2
纪念,2
保证供给,2
增长率,2
精神力,2
武装部,2
周本顺,2
清明,2
机器,2
兴农,2
下决心,2
回避,2
党政领导,2
保守,2
本本,2
信贷,2
半殖民地,2
式,2
束缚,2
离析,2
活跃,2
重中之重,2
五百三十,2
干部人事,2
良好环境,2
收购价,2
通货膨胀,2
高技术,2
上同,2
居住,2
年内,2
党政机关,2
兴奋,2
计划生育,2
收购价格,2
六月,2
非典,2
党的性质,2
再三,2
少年,2
法制教育,2
实情,2
重大胜利,2
频传,2
动荡,2
挺,2
任意,2
李春城,2
共同奋斗,2
艰难,2
阿拉,2
不正,2
秋季,2
精心组织,2
招录,2
物质利益,2
最高人民法院,2
万零,2
金融市场,2
宏观管理,2
四九,2
高丽,2
秘书处,2
扶贫开发,2
保持良好,2
医疗保险,2
在京举行,2
完全必要,2
脆弱,2
卓有,2
坚韧,2
板,2
境界,2
征程,2
于民,2
陈文清,2
未,2
199,2
感受,2
高速度,2
充满信心,2
高度一致,2
免去,2
牺牲,2
前瞻,2
抑制,2
产权制度,2
温,2
宽裕,2
结构性,2
灾后,2
明确指出,2
六七年,2
党支部,2
卓有成效,2
叶群,2
领导作风,2
年度,2
安危冷暖,2
当权,2
190,2
各行各业,2
腐败分子,2
版,2
缔造,2
习惯势力,2
勤俭节约,2
之本,2
立于不败之地,2
节约资源,2
首脑,2
抗震,2
公信力,2
副食品,2
端正,2
涣散,2
共生,2
继续发扬,2
蓝图,2
油菜,2
共同理想,2
排忧解难,2
作品,2
销价,2
一九五六年,2
腾腾,2
重,2
混淆,2
主观主义,2
172,2
日内瓦,2
大字,2
侧,2
知识化,2
艰辛,2
169,2
吴爱英,2
注定,2
人民公仆,2
村镇,2
热气腾腾,2
波澜,2
交易,2
公权,2
以此,2
黄兴,2
设计,2
进行批评,2
细,2
变为,2
有所准备,2
宋平,2
航天,2
不忠,2
美,2
张高丽,2
按程序,2
克服缺点,2
刘金国,2
魏凤,2
神力,2
树林,2
中极,2
亟待解决,2
防线,2
污染,2
两手抓,2
大部,2
好生,2
进攻,2
整社,2
两条腿,2
多元化,2
阿拉伯,2
狠下功夫,2
垂范,2
防控,2
这些年来,2
春城,2
陈川平,2
十一位,2
巴勒斯坦,2
早,2
疏通,2
三点,2
革故鼎新,2
察院,2
证据,2
暴风雨,2
尖锐,2
三支,2
旗帜鲜明,2
雄厚,2
保护环,2
欧洲,2
脚跟,2
飞跃发展,2
总体规划,2
李云峰,2
必究,2
一句,2
中部,2
事务管理,2
设想,2
家计,2
总体目标,2
侯宗宾,2
五六年,2
城市居民,2
碳循环,2
行动指南,2
打基础,2
担责,2
突然袭击,2
棉纱,2
磊落,2
市长,2
多元,2
人数,2
右派分子,2
汤洪高,2
分工负责,2
纯收入,2
转入,2
配合,2
脱离群众,2
应急,2
工作效率,2
副食,2
王任重,2
生产关系,2
划分,2
争取和平,2
日用,2
市民,2
民兵,2
专案,2
有秩序地,2
152,2
谋私,2
群众利益,2
一整套,2
大理,2
派性,2
永葆,2
风浪,2
八十周年,2
停止,2
废止,2
栋梁,2
离开,2
防,2
自发,2
杜金才,2
废除,2
道理,2
四千,2
农副产品,2
毕生,2
分崩离析,2
瓜分,2
乡镇企业,2
风雨,2
九四,2
生活作风,2
蒋洁敏,2
框框,2
印度,2
外事,2
执着,2
雷鸣般,2
百倍,2
包容性,2
革命党,2
师生,2
分批,2
悔改,2
沉痛,2
巴勒斯,2
实实在在,2
合法,2
九名,2
运输业,2
治病救人,2
二十年,2
对台,2
鼓掌,2
电设备,2
共青,2
主线,2
罗,2
僵化,2
张喜武,2
钉钉子,2
混进,2
大计,2
勇于创新,2
老爷,2
指头,2
段时间,2
局部利益,2
新华网,2
发电设备,2
好收成,2
蜕化,2
二十一日,2
记,2
严守,2
明后,2
受党,2
欢欣鼓舞,2
有党,2
扬善,2
相互之间,2
加紧,2
煤炭,2
一万零五百亿斤,2
执法必严,2
四十八,2
侵略军,2
少数民族,2
爱护,2
干群关系,2
归根,2
立法权,2
反帝,2
徐鹏航,2
阎,2
职业道德,2
农副,2
致力,2
不拔,2
框架,2
一如,2
咒骂,2
水产,2
手续,2
康,2
蔡畅,2
权制,2
欢声,2
夺回,2
精神力量,2
在政治上,2
前夕,2
黄树贤,2
分散,2
顺利实现,2
四十八年,2
不见,2
二点,2
破产,2
不朽,2
基本法,2
腐朽,2
广度,2
陈独秀,2
狠抓,2
特权思想,2
支部,2
发行,2
冲天,2
国际局势,2
灵魂,2
一百六十,2
做实,2
王雪冰,2
推选,2
2004,2
中起,2
必需品,2
吴玉良,2
粗放,2
欺骗,2
类似,2
有法必依,2
利用效率,2
吴官正,2
找,2
致哀,2
二十六,2
公用,2
欢声雷动,2
均等化,2
工人党,2
药品,2
干,2
一九六三年,2
生态建设,2
纠错,2
忘记,2
思想战线,2
尽力,2
洋法生产,2
继,2
无党派人士,2
心上,2
人均收入,2
赶上,2
放到,2
源泉,2
政,2
阳光,2
三国,2
苏,2
哲学,2
四分五裂,2
谈判,2
十二位,2
壮阔,2
向上,2
环境治理,2
数字,2
站稳,2
杨卫泽,2
一阵,2
相比,2
孙春兰,2
立于,2
思考,2
中国人民政治协商会议,2
一九四九年,2
生产战线,2
犯,2
十年间,2
详细,2
有错,2
架构,2
不合理,2
坚韧不拔,2
地主阶级,2
正常化,2
武警部队,2
科学态度,2
殖民地,2
政治责任,2
齐抓共管,2
励精图治,2
我军,2
转变职能,2
回到,2
履行义务,2
刘士余,2
不利,2
持之以恒,2
严密,2
七千五百亿斤,2
人人平等,2
包含,2
一流,2
张军,2
十二年,2
大力提高,2
利亚,2
热烈欢迎,2
真诚,2
照搬,2
集市贸易,2
域性,2
倒退,2
四位,2
从容应对,2
几代,2
眼光,2
王敏,2
聚焦,2
压力,2
融资,2
一九七六年,2
当代世界,2
百分之六十,2
一九六八年,2
法制观念,2
堡垒作用,2
大鸣,2
义愤,2
经济区,2
救助,2
分为,2
王伟,2
并重,2
东西,2
户籍,2
股份,2
之上,2
激动,2
彭德怀,2
邓副,2
通报,2
外侨,2
统帅,2
合,2
破除迷信,2
水旱灾,2
春兰,2
流通领域,2
地好,2
十多年,2
补短,2
李正亭,2
压缩,2
声讨,2
敌对,2
放在心上,2
体性,2
实话,2
做法,2
同理,2
巧干,2
抗震救灾,2
经济特区,2
原则上,2
法西,2
残余,2
朱明国,2
圆满完成,2
多万,2
二十七日,2
敬爱,2
俞正声,2
深入实际,2
实到,2
蜕化变质,2
三百,2
考察,2
项,2
实在,2
载人,2
东部,2
小型,2
抗美援朝,2
功过,2
大办,2
三大,2
水旱,2
行政效率,2
顽强拼搏,2
政绩,2
赏罚,2
胆敢,2
二条,2
金融监管,2
八届全国人大,2
封建主义,2
充满生机,2
工作部,2
中去,2
气象,2
落脚点,2
恰当,2
不行,2
货运量,2
李东生,2
吕锡文,2
指针,2
粮食产量,2
承包制,2
亿多,2
王兆国,2
勒斯,2
张廷发,2
中叶,2
神风,2
一整,2
美苏,2
不忠实,2
耕地,2
表示满意,2
排忧,2
台独,2
感,2
生产资料,2
写入,2
仇,2
议事,2
弊端,2
原盐,2
一千八百万吨,2
威力,2
政治纲领,2
地方党委,2
购买,2
芮杏文,2
利用外资,2
共管,2
之仗,2
荣任,2
风暴,2
行动计划,2
隆重举行,2
北地,2
法西斯,2
私有,2
自立,2
不折不扣,2
革命实践,2
拉伯,2
东北地区,2
日子,2
消耗,2
辩证唯物论,2
一分,2
兴衰成败,2
主,2
蒋,2
反华,2
多样化,2
王珉,2
钱其琛,2
旱灾,2
范长,2
夏粮,2
大内,2
九日,2
李学仁,2
家属,2
不可磨灭,2
解释,2
量力而行,2
千八百,2
升级,2
十一个,2
帮扶,2
制纸,2
武警,2
六八,2
发到,2
责人,2
有错必纠,2
肌体,2
党管,2
菜籽,2
德治,2
潘逸阳,2
职守,2
一心一意,2
冷暖,2
光明磊落,2
冒险,2
终身制,2
令,2
早稻,2
气力,2
治理环境,2
中华文化,2
三反,2
警觉,2
六天,2
长期实践,2
查,2
李强,2
解除,2
提高质量,2
得胜,2
关键时期,2
第十一个五年,2
谴责,2
整体性,2
四百,2
整顿秩序,2
巴勒,2
唯一,2
刘丽英,2
革命干劲,2
现行标准,2
增长速度,2
排放,2
努力学习,2
缓解,2
司法机关,2
比较严重,2
开启,2
开得,2
陷入,2
人民意志,2
巡察,2
抗日,2
充分证明,2
集市,2
失责,2
得失,2
秘,2
亿,2
制订,2
专做,2
民主化,2
爱祖国,2
离群,2
好事,2
坚强有力,2
十分复杂,2
迷信,2
重开,2
想赖,2
行义,2
攻坚克难,2
策动,2
系统性,2
阴谋诡计,2
公共财政,2
西斯,2
光荣传统,2
周永康,2
联盟,2
德治国,2
重重,2
贺国强,2
低温,2
独秀,2
热烈鼓掌,2
柬埔寨,2
中心环节,2
丧失,2
道德风尚,2
一倍,2
任何理由,2
违法必究,2
成问题,2
隆重开幕,2
死亡,2
前瞻性,2
身边,2
暴风,2
相当严重,2
谋发展,2
时代性,2
学杂费,2
灌溉,2
从现在起,2
一百四十,2
临时,2
内外交困,2
坚定性,2
关键问题,2
曹庆泽,2
地同,2
本来,2
营商,2
普遍深入,2
席,2
撤走,2
中央局,2
上市,2
缓慢,2
攀登,2
袭击,2
举办,2
青少年,2
力学,2
工农联盟,2
每一项,2
人际,2
兴衰,2
永春,2
稳健,2
可持续性,2
主人,2
高端,2
承包期,2
力量对比,2
潜在,2
光荣任务,2
台湾省,2
政治立场,2
所用,2
细致,2
一如既往,2
协商会,2
宣告,2
千一,2
加快调整,2
粮,2
认真对待,2
2002,2
照耀,2
钉子,2
残奥会,2
享乐,2
后果,2
尽责,2
六点,2
服务大局,2
一事,2
冶金,2
严,2
市场繁荣,2
国一,2
迫切愿望,2
防洪,2
情为民,2
矛盾重重,2
菲律宾,2
翻案风,2
腾出,2
百六,2
程序化,2
做得好,2
砥砺,2
乌兰,2
李玉赋,2
老虎,2
六三,2
国土,2
致敬,2
取得胜利,2
重心,2
机械,2
党风建设,2
金属,2
半封建,2
七六年,2
重建,2
强,2
余远辉,2
徐令义,2
理由,2
前年,2
国,2
田修思,2
倒查,2
人居,2
重大贡献,2
王,2
中青,2
国民教育,2
排除,2
长期斗争,2
六五年,2
潮流,2
加以解决,2
十一年,2
伟大祖国,2
西亚,2
一九六六年,2
规则,2
组织性,2
亟待,2
徐青,2
一百八十,2
建军,2
在讲话中,2
捷报,2
美丽,2
生命线,2
强弱,2
原木,2
率先垂范,2
沿海地区,2
敏锐,2
交换,2
挑衅,2
统一认识,2
赶走,2
追责,2
一九六七年,2
万寿无疆,2
冰冻,2
十九日,2
扩大内需,2
202,2
人民政协,2
国强,2
失误,2
规章制度,2
特区,2
新老,2
习惯,2
革命队伍,2
法权,2
这条,2
一新,2
不致,2
武装部队,2
团结互助,2
一亿担,2
农村土地,2
踏实,2
历时,2
公平竞争,2
在内,2
纪律严明,2
杂费,2
隆重庆祝,2
一百万,2
小城镇,2
惩恶,2
黄坤明,2
牛志忠,2
大字报,2
公共安全,2
傅杰,2
提高效率,2
庐山,2
产者,2
高尚,2
昭雪,2
权谋,2
感到,2
驾驭,2
三条,2
一百七十,2
争夺,2
十二条,2
海外侨胞,2
四分五,2
三十年,2
卓著,2
世界贸易组织,2
面向未来,2
原则同意,2
分利,2
窜犯,2
赞扬,2
珍惜,2
内需,2
商会,2
六六,2
工业部门,2
中小企业,2
美德,2
金国,2
波澜壮阔,2
界限,2
无疑,2
立国之本,2
彻头彻尾,2
保护环境,2
内地,2
容忍,2
青少,2
奥运会,2
加强监督,2
交给,2
自下而上,2
六五,2
历次,2
年间,2
十七日,2
大道,2
掌声雷动,2
唯心,2
杨晓超,2
积极支持,2
议事日程,2
财政政策,2
崇尚,2
必要性,2
吴桂贤,2
机制纸,2
安危,2
远大理想,2
这三大,2
齐心协力,2
容性,2
一千五,2
不正之风,2
起草,2
减排,2
办实事,2
家教,2
深,2
较严,2
下个世纪,2
正声,2
区域性,2
承担,2
下降,2
纸老虎,2
杨焕宁,2
果断,2
高等,2
重庆,2
上作,2
三世,2
公务员,2
幼军,2
二十二,2
摆,2
削弱,2
雨雪,2
用率,2
时起时伏,2
老干部,2
良,2
承受,2
王三运,2
热气,2
捷报频传,2
六三年,2
七百万,2
百分之五十,2
第二位,2
宏大,2
领导全党,2
彪,2
之路,2
包容,2
玉成,2
八十二,2
行使权力,2
艰巨性,2
压倒性,2
政法,2
军心,2
越读,2
2006,2
着手,2
胡春华,2
水旱灾害,2
祝贺,2
侯凯,2
镇压,2
肖培,2
城镇化率,2
王震,2
教员,2
转化,2
黄兴国,2
工商,2
精神风貌,2
几次,2
均衡,2
放,2
直至,2
第二代,2
日程,2
人民战争,2
多种形式,2
群众斗争,2
中西,2
率下,2
民风,2
铁路,2
言论,2
从容,2
陈小江,2
论述,2
松软,2
宏伟蓝图,2
一盘,2
打破,2
总的说,2
客观规律,2
不良,2
依纪,2
田凤山,2
乃是,2
昂扬,2
举报,2
环保,2
教育体制,2
可能性,2
具体情况,2
乱,2
景象,2
国际局,2
四九年,2
人物,2
促使,2
实有,2
永康,2
不受,2
路线方针,2
一九四,2
一千一百万吨,2
发电,2
贫困县,2
高呼,2
丁,2
夏季,2
农村面貌,2
平衡性,2
合格,2
分明,2
日益巩固,2
前人,2
撤消,2
人民政府,2
优秀党员,2
首要地位,2
高效益,2
德,2
践行,2
五六,2
大变,2
康庄,2
负责人,2
实实在,2
论证,2
共同任务,2
宗派主义,2
求实效,2
明复,2
根本宗旨,2
肖洪达,2
六千七百万担,2
打击报复,2
一方,2
引进,2
克难,2
超,2
谈话,2
忠于党,2
磨灭,2
科学论断,2
客观条件,2
锻炼,2
突发,2
辩论,2
静默致哀,2
遭受,2
持续性,2
风险意识,2
明,2
涉外,2
贺龙,2
左派,2
水,2
发展史,2
狠下,2
扭转,2
货币政策,2
腐败问题,2
公权力,2
生活富裕,2
极为重要,2
统一指挥,2
以权谋私,2
敬礼,2
上海,2
交困,2
错误倾向,2
终于,2
检察院,2
恶毒,2
出台,2
正确路线,2
实际上,2
停滞,2
好本,2
三十五,2
不折,2
摆在首位,2
战斗英雄,2
社会秩序,2
正面,2
武昌,2
年轻化,2
反面教员,2
港澳同胞,2
一意,2
二代,2
刘奇葆,2
乌兰夫,2
准入,2
相关,2
生机蓬勃,2
提到,2
人治,2
充分利用,2
各业,2
审计,2
特别强调,2
打赢,2
载入史册,2
摘帽,2
一万,2
美帝国主义者,2
第一年,2
生活必需品,2
油菜籽,2
诡计,2
家风,2
老挝,2
亲友,2
挣扎,2
有法可依,2
杨崇勇,2
战略地位,2
严重困难,2
一盘棋,2
利为民,2
履行职责,2
杜世,2
股份制,2
一段时间,2
郭声琨,2
之中,2
有益,2
筑牢,2
民主运动,2
共有,2
陈希,2
牧业,2
缺乏经验,2
执行力,2
落脚,2
继续抓好,2
阿谀奉承,2
第七个,2
顺利完成,2
政治素质,2
工作部门,2
颁布,2
法律手段,2
党务,2
尚未,2
对象,2
个体,2
项目,2
法学,2
迫害,2
利用职权,2
所谋,2
等化,2
谋划,2
以德,2
切削,2
疾苦,2
邓力群,2
货运,2
谦逊,2
孙怀山,2
遗留问题,2
高效率,2
夸大,2
迈向,2
副产品,2
投融资,2
中共中央书记处,2
全国一盘棋,2
响应,2
两条腿走,2
金融体制,2
报酬,2
一律平等,2
偏高,2
阿谀,2
一百一十二,2
消费水平,2
留下,2
雷鸣,2
节点,2
党外,2
两岸关系,2
医药,2
唯一标准,2
默契,2
加,2
一百七,2
近几年,2
勤俭持家,2
自上而下,2
合法性,2
风貌,2
薄弱环节,2
商定,2
名誉,2
案,2
权为民,2
享乐主义,2
百分之四十九,2
运量,2
监督有力,2
一九六五年,2
新气象,2
发布,2
加深,1
后作,1
高新,1
中长期,1
文过,1
策源地,1
人人有责,1
四十四,1
显示,1
节支,1
答复,1
不用,1
设计师,1
尤权,1
谈起,1
回升,1
七十三,1
金融业,1
一篇,1
改正错误,1
以粮,1
长征,1
不关,1
手法,1
三十一日,1
吐故纳新,1
人民检察院,1
更具,1
具体分析,1
东西南北中,1
最终,1
共苦,1
乱军,1
主宰世界,1
改悔,1
多管齐下,1
张苏,1
主宰,1
实践者,1
外衣,1
张爱萍,1
容错,1
不绝,1
降低消耗,1
四十一,1
集会,1
时宜,1
自由主义,1
成效显著,1
阵地,1
灌溉面积,1
山洪,1
一路,1
弄虚作假,1
留下来,1
推动力,1
同盟者,1
朝夕,1
一季,1
一靠,1
五个,1
人权,1
份文件,1
长江,1
分享,1
大张,1
印度支那,1
大厅,1
石头,1
千多,1
开发区,1
十亿,1
宏伟事业,1
高压,1
用心,1
汉族,1
长江黄河,1
自以,1
雷锋,1
掀起,1
行使职权,1
结构合理,1
谢非,1
合理化,1
三严,1
四风,1
四人,1
夺回来,1
劳动竞赛,1
黄,1
急于,1
身份,1
忧党,1
读,1
更长,1
毫无疑问,1
五名,1
蒋介石,1
那股,1
求成,1
第一步,1
厉行节约,1
八九年,1
服从组织,1
法律援助,1
社会关系,1
辖,1
八字宪法,1
编辑部,1
密不可分,1
荣辱,1
第四季,1
动手,1
对照,1
立竿,1
立体化,1
接见,1
自留地,1
统揽,1
歼灭战,1
下全,1
最高人民检察院,1
回笼,1
第一季度,1
发了,1
出版业,1
顾全大局,1
植根于,1
犯法,1
执行主席,1
第四十五,1
加倍努力,1
基点,1
成性,1
大众化,1
新式,1
五大洲,1
八十三,1
派驻,1
松劲,1
热爱,1
劳动工资,1
普通高中,1
政资,1
揭穿,1
正视,1
按规定,1
修为,1
一亿三千万,1
法则,1
迎接挑战,1
下移,1
二十九个,1
条约,1
前哨,1
侵占,1
优惠,1
拥军爱民,1
闭关,1
年初,1
共克,1
因年,1
三千七百,1
注意力,1
社会各界,1
构筑,1
必反,1
与此相反,1
阴暗面,1
应是,1
世纪之交,1
战役,1
兜底,1
队为,1
无情,1
严惩,1
大洲,1
南朝鲜,1
大面积,1
无畏,1
肖克,1
原,1
先当,1
党所处,1
公里,1
切中要害,1
老人,1
跨境,1
混入,1
善治,1
无论是,1
五到,1
十分重视,1
相继,1
面子,1
秉,1
历史唯物主义,1
巍然屹立,1
第十二个,1
得益,1
伟大意义,1
身教,1
统购,1
供给制,1
大是,1
养老金,1
农村税费,1
绿水青山,1
软弱涣散,1
财经,1
警告,1
身经百战,1
这三条,1
王平,1
忠于国家,1
制造业,1
略有,1
骨头,1
基层工作,1
谢,1
治权,1
试验,1
相得益彰,1
奢糜,1
中南局,1
不住,1
多亿,1
二十点,1
是非得失,1
各尽其,1
黄镇,1
富农分子,1
顺应时代,1
巍然,1
谋求,1
十三名,1
有人,1
李建国,1
一季度,1
贫困家庭,1
任务艰巨,1
常怀,1
篡军,1
澳人治澳,1
国贼,1
发出,1
正风肃纪,1
不断深入,1
辈出,1
怀抱,1
感到恐惧,1
三为,1
欧泽高,1
进犯,1
首道,1
严重危害,1
广泛性,1
树新风,1
汶川,1
雪峰,1
抛出,1
遵守纪律,1
省级,1
照抄,1
视而不见,1
品行,1
劳动报,1
公益,1
地以,1
陈志荣,1
刘澜波,1
依法处理,1
万难,1
条文,1
自负,1
高度集中,1
四十四个,1
平安,1
百分之三十五,1
抓手,1
初始,1
化解矛盾,1
力拼,1
里程,1
蔚然成风,1
未禁入,1
狰狞,1
基础产业,1
官衔,1
刘鹤,1
得人心,1
排污权,1
八十八,1
愈,1
空洞,1
谋职,1
高高,1
遵纪守法,1
管理工作,1
两学,1
紧,1
号召力,1
硬骨,1
主管,1
充当,1
提起,1
同等待遇,1
信度,1
主导作用,1
较强,1
诞生,1
认定,1
第三步,1
致意,1
183,1
洋,1
人造地球,1
宣传队,1
法官,1
真能,1
切不,1
华北局,1
领导带头,1
积级性,1
减灾,1
江村,1
中说,1
生产大队,1
自谋,1
下定决心,1
人事安排,1
出口,1
恪,1
供电,1
普惠性,1
后备,1
请示,1
市委常委,1
预定,1
组织者,1
工商业,1
当之无愧,1
繁杂,1
水准,1
各党派,1
谱写,1
十个月,1
取舍,1
压榨,1
古巴,1
聚,1
井然,1
警钟长鸣,1
长足发展,1
根本途径,1
着重强调,1
贾庭,1
第三季度,1
快速增长,1
超于,1
抗,1
核试,1
升降,1
赏罚不明,1
周惠九,1
乡,1
波折,1
集约型,1
欢庆,1
滞后,1
抓实,1
勇挑,1
蔓延,1
十万,1
起码,1
八位,1
钢中,1
凶恶,1
压倒一切,1
要害,1
更多,1
投票选举,1
中华儿女,1
意外,1
人才交流,1
决策权,1
八字,1
要紧,1
同大,1
和告,1
毒,1
西欧,1
腿,1
平反昭雪,1
嚣张一时,1
扭住,1
马晓天,1
倒转,1
头等大事,1
法律化,1
兼,1
阐释,1
反抗,1
五是,1
热性,1
下定,1
糖料,1
各得其所,1
遵纪,1
高中级,1
周密,1
今冬,1
执法犯法,1
领导小组,1
信用制度,1
自用,1
段君毅,1
而为,1
傅全有,1
事实真相,1
收受,1
宏观控制,1
两封信,1
觉悟程度,1
动态,1
中级,1
团结合作,1
课程体系,1
糖衣炮弹,1
各党,1
八十四,1
态度暧昧,1
长期性,1
先进事迹,1
欺压群众,1
踏踏实实,1
圣职,1
邪气,1
战略意义,1
多来,1
当权派,1
最佳,1
东方红,1
出版,1
理工,1
棉,1
强加在,1
暗示,1
泥石流,1
系统化,1
贪必肃,1
致命,1
参谋长,1
棍子,1
守旧,1
新鲜血液,1
黄火青,1
风发,1
农村政策,1
村干部,1
144,1
炮弹,1
政事,1
打得赢,1
紧张局势,1
当官,1
高新技术,1
耿飚,1
革新运动,1
缅甸,1
社队,1
绿化,1
内心,1
尤为,1
衡量,1
百分之十左右,1
转折,1
斯拉,1
中美关系,1
符合国情,1
办得更好,1
164,1
逃脱,1
多极化,1
爱国侨胞,1
之心,1
二点六,1
二十亿,1
传达,1
收益,1
发扬成绩,1
解释程序,1
旋律,1
巨幅,1
沿线,1
党委委员,1
违犯,1
人身权,1
多极,1
第一季,1
至关,1
辩证统一,1
公开信,1
累累,1
老实话,1
具备条件,1
歌词,1
半途而废,1
牢固确立,1
齐心合力,1
新论,1
二十三年,1
统揽全局,1
张劲夫,1
更多更好,1
日益完善,1
盛大,1
罗马尼亚,1
赵宪庚,1
往来,1
现状,1
一九二,1
城市化,1
学军,1
研究部署,1
特殊化,1
西藏,1
邹加怡,1
检察长,1
亿左右,1
两封,1
生机勃勃,1
岸线,1
本质属性,1
严肃性,1
先进人物,1
工矿企业,1
怒火,1
肩负着,1
史无前例,1
十条,1
求得,1
针锋相对,1
不收,1
显著特点,1
百分之九十五,1
二十五日,1
成风,1
百分之十,1
享受,1
社保,1
责权,1
宽松,1
党以,1
可分,1
帮,1
之多,1
法庭,1
对敌,1
来犯,1
百家,1
万人,1
制造者,1
有所增加,1
周扬,1
查究,1
三十二年,1
易俗,1
两国关系,1
大方,1
百分之六点,1
地带,1
增添,1
更应,1
铁打,1
陪审,1
用品,1
预警,1
看病难,1
第三季,1
建国初期,1
公安部队,1
在世界上,1
扫除,1
军国,1
兴利除害,1
固定资产,1
四十一年,1
挥手致意,1
在外,1
竞争能力,1
邹家华,1
生活资料,1
迎,1
暴雨,1
产业化,1
气候,1
出兵,1
交锋,1
物质基础,1
却是,1
协会,1
加以克服,1
阵线,1
民主革命,1
共同前进,1
伍修权,1
严起,1
传统美德,1
打得,1
领导岗位,1
开拓前进,1
石流,1
南亚,1
病重,1
郊区农业,1
化,1
下沉,1
203,1
统统,1
骄傲,1
安全监管,1
开放地带,1
陶铸,1
建档,1
战略思维,1
之义,1
通知,1
陈超英,1
意外事故,1
以苏,1
潜在力量,1
提高效益,1
日于,1
步调,1
卓越贡献,1
忙,1
奴隶,1
考察干部,1
假话,1
嚣张,1
独立国,1
远景规划,1
久病,1
警示,1
天下大乱,1
实绩,1
殷切,1
人民公社化,1
心,1
数人,1
选拔干部,1
克里,1
以工,1
正当权益,1
先学,1
教材,1
感情,1
先富,1
税费,1
努力创造,1
照顾,1
百分之十七,1
赵克石,1
谋利益,1
总量,1
短缺,1
罗瑞卿,1
焕然,1
民情,1
永续,1
学懂,1
心不改,1
黄菊,1
斯大林,1
财税,1
刘晓凯,1
局性,1
人初,1
事物,1
生前,1
相长,1
估得,1
从政,1
农林牧业,1
一以贯之,1
2003,1
资源管理,1
豺狼,1
沿江,1
腿走路,1
守纪律,1
层次性,1
人造,1
遗留下,1
心愿,1
统一祖国,1
投资总额,1
裁量,1
唯心主义,1
合作社,1
回答,1
阻力,1
实落,1
致力于,1
清洁,1
预谋,1
区分,1
回良玉,1
选贤任能,1
个人收入,1
走过,1
一百二十八,1
必由之路,1
农林牧渔业,1
组建,1
彭,1
胡志明,1
抓出,1
超购,1
危险性,1
新旧,1
团结奋战,1
革命行动,1
愚公移山,1
百分之三点,1
步步,1
耿全礼,1
炮打,1
高等教育,1
自负盈亏,1
代代,1
隐患,1
壮族,1
前例,1
文章,1
慰问,1
差价,1
铸牢,1
以政代企,1
表达意见,1
救济,1
监督网,1
公社化,1
井然有序,1
体制性,1
主人翁,1
党群干群,1
法外,1
林田湖,1
西南局,1
私情,1
分说,1
党的政策,1
阴暗,1
王学军,1
无敌,1
政协会议,1
友好条约,1
时说,1
孟建柱,1
百分之四点,1
运力,1
一颗,1
筹备工作,1
党之责,1
性世所,1
为机,1
一堂,1
艾,1
攻破,1
西,1
多亩,1
一派,1
民事,1
割,1
合理布局,1
锁国,1
冲昏,1
体察,1
立法机关,1
亚洲各国,1
人民共和国,1
讨价还价,1
联网,1
之势,1
诸多矛盾,1
革命性,1
史诗,1
八十万,1
中青年,1
第一项,1
海峡两岸,1
零八,1
全局性,1
长远性,1
玉树,1
肆意,1
中党,1
区域规划,1
抵京,1
亡党亡国,1
问需,1
右,1
企业法,1
挑重担,1
克里木,1
三季,1
政治权利,1
加拉,1
李至伦,1
勇挑重担,1
用字,1
学以致用,1
百家争鸣,1
文明城市,1
销售,1
张国焘,1
强迫,1
情绪,1
献身,1
天才,1
一九八九年,1
北美,1
在经济上,1
林牧业,1
唯物辩证法,1
中日,1
群策,1
半途,1
黑暗,1
日益壮大,1
强国之路,1
调门,1
保护性,1
农药,1
一代,1
呼声,1
警醒,1
服务行业,1
迈进,1
王宝森,1
富民,1
主动权,1
思潮,1
建设祖国,1
那才,1
金振吉为,1
隆重推出,1
选定,1
设区,1
督办,1
经验主义,1
陷害,1
老区,1
相互交织,1
科学研究,1
业态,1
全面推行,1
小组会议,1
系统地,1
进一步提高,1
盈亏,1
壮志,1
展缓,1
王首道,1
王汉斌,1
移山,1
乡规民约,1
有腐,1
劳动所得,1
华东,1
各负其责,1
急用,1
道德规范,1
191,1
纪要,1
林产品,1
自救,1
投机倒把,1
视野,1
立足点,1
横向,1
法国,1
好心,1
参谋,1
卖国贼,1
代总理,1
扫黑,1
大乱,1
储备,1
差,1
无从谈起,1
王鸿津,1
歉收,1
促进作用,1
精神财富,1
计划供应,1
重在,1
工作进展,1
弊病,1
阳奉阴违,1
乡风,1
舟曲,1
稳步前进,1
廉洁关,1
五天,1
打歼灭战,1
务工人员,1
如意,1
七一年,1
贪污,1
起着,1
第十三个,1
组织观念,1
释放,1
斯海,1
广辟,1
邱会作,1
内阁,1
成功实践,1
对华,1
地夫败,1
毕业,1
力戒,1
领导层,1
必问,1
查清,1
登高,1
货畅其流,1
除害,1
尉凤英,1
副委员长,1
政治体制,1
危难,1
不高,1
残酷,1
吸引,1
杨洁篪,1
坚决拥护,1
推动者,1
自由贸易区,1
边境,1
百战,1
人口老龄化,1
半封建社会,1
山水,1
王瑞林,1
身经,1
埋头,1
会后,1
澳门特别行政区,1
经济作物,1
演出,1
定向,1
教条式,1
骄傲情绪,1
各个环节,1
改造社会,1
算盘,1
深入细致,1
骆源,1
阶层,1
建章立,1
讲面子,1
罪状,1
大转折,1
校正,1
清查,1
雄心壮志,1
复苏,1
戒骄戒躁,1
报道,1
家庭财产,1
平均主义,1
献给,1
因病请假,1
平等互利,1
非主流,1
恪尽,1
大是大非,1
一拥而上,1
如意算盘,1
富于,1
还会,1
扯扯,1
医院,1
承上启下,1
开动,1
解剖,1
持久和平,1
2012,1
世界反法西斯战争,1
创业精神,1
回归祖国,1
愈作,1
台,1
好权,1
支柱产业,1
斗志,1
区划,1
恩格斯,1
头等,1
军事基地,1
通货膨胀率,1
越南战争,1
剖析,1
抗旱,1
在改革中,1
旺盛,1
劳动报酬,1
国家计划,1
程子,1
上次,1
诠释,1
奋战,1
结合实际,1
杂志,1
涉黑,1
虚报,1
千年,1
安部,1
分批分期,1
糖衣,1
赵,1
自然界,1
扩展,1
敬祝,1
开动机器,1
男女,1
另搞,1
腐蚀,1
六个,1
贪污盗窃,1
思想觉悟,1
赏罚分明,1
天然林,1
王正伟,1
有戒,1
无纪律,1
三十三,1
驱逐,1
拉拉扯扯,1
致华,1
各个部门,1
第二产业,1
择业,1
党情,1
排污,1
同前,1
斯拉夫,1
共同愿望,1
杜绝,1
立竿见影,1
郑重,1
唤起,1
为民服务,1
普遍真理,1
明令,1
硬骨头六连,1
帮凶,1
抓革命促,1
划清,1
弱化,1
次,1
收复,1
太,1
血液,1
百分之九点,1
颐指气使,1
农业投入,1
报请,1
拖拉,1
建新,1
超英,1
分歧,1
经贸,1
严格遵守,1
停战,1
检察官,1
头雁,1
旧,1
分人,1
切实有力,1
一套,1
文学,1
医药卫生,1
党政军民,1
加剧,1
公约,1
赤裸裸,1
传播,1
中等,1
不分,1
郭金龙,1
上涨幅度,1
出卖,1
纷纷,1
院长,1
是因为,1
备战,1
信访,1
西北,1
优质,1
打错,1
搞活企业,1
法部,1
1954.02,1
挑拨,1
恐惧,1
阔气,1
江西,1
现出,1
万全,1
新起点,1
郊区,1
马启智,1
吃饭问题,1
捷克斯洛伐克,1
帐目,1
归属,1
以党代政,1
杨德志,1
仍能,1
三名,1
马尼亚,1
社区,1
安民,1
万事大吉,1
回顾过去,1
柏林,1
党性修养,1
毅,1
甘于,1
放开经营,1
开恩,1
七月,1
海湾,1
无私无畏,1
欢腾,1
公司法,1
无路,1
低碳,1
痛心,1
趋于,1
审核,1
李昌,1
计划指标,1
泰国,1
1999,1
香港特别行政区,1
西北局,1
执行程序,1
司法部门,1
三十日,1
商店,1
精神面貌,1
降,1
技术推广,1
车轮,1
成城,1
尤为重要,1
听人,1
当年,1
世情,1
二百五十,1
谭政,1
专家论证,1
多到,1
素质教育,1
盛气凌人,1
高等院校,1
京市,1
滔天罪行,1
十三点,1
无前,1
自谋职业,1
第六位,1
互动,1
锐利,1
同心协力,1
感谢,1
横行,1
更深,1
森林,1
具体办法,1
以求,1
增至,1
列入,1
自行,1
节流,1
绿水,1
符合中国,1
农村金融,1
经贸合作,1
急风暴雨,1
少取,1
成功经验,1
组织纪律性,1
漠不关心,1
抗洪,1
本质特征,1
字,1
旧体,1
嘴脸,1
百分之七十,1
地富,1
产出率,1
针锋,1
联合行动,1
六连,1
比价,1
期待,1
小时,1
第四十,1
金钱,1
确切,1
夯实,1
下大力,1
适应性,1
吹捧,1
应到,1
政府部门,1
科技事业,1
巨大胜利,1
任建新,1
康世恩,1
1954,1
学习班,1
一课,1
不合时宜,1
于永波,1
迈入,1
三五,1
王正福,1
打铁,1
播种,1
诬蔑,1
大幅度提高,1
科技战线,1
时代化,1
创造条件,1
一九七六,1
熟悉,1
回顾总结,1
牵连,1
失职,1
解放运动,1
资水,1
重演,1
扬,1
友好往来,1
清晨,1
互联,1
划转,1
忠于职守,1
大肆,1
毛,1
顺乎民心,1
十月革命,1
责任重大,1
发向,1
171,1
所处,1
不良风气,1
发展社会化,1
共产主义者,1
区间,1
手,1
黄华,1
遗产,1
企事业,1
涉诉,1
铁的纪律,1
内政,1
交织,1
百分之七,1
必不可少,1
韩光,1
立体,1
本来面目,1
惩前毖后,1
多彩,1
递增,1
彭钢,1
政治形势,1
泥石,1
估算,1
八十七,1
南斯,1
消极因素,1
情况通报,1
加强团结,1
公司律师,1
马凯,1
地球,1
伊朗,1
一个多月,1
自尊,1
毫无疑义,1
豺狼成性,1
告,1
战略方针,1
人和事,1
大力支持,1
理化,1
忠诚老实,1
正确引导,1
杜青林,1
不收手,1
看不见,1
贝利亚,1
发展势头,1
象,1
政治家,1
谋利,1
初见,1
架空,1
知识产权,1
基本规律,1
民权,1
过头,1
肮脏,1
突破性,1
妄想,1
三会,1
观察,1
捏造,1
全新,1
宗教,1
抗美援朝战争,1
一九八四年,1
度提高,1
领土完整,1
一百八十九,1
善解,1
篱笆,1
代价,1
全国同胞,1
世代,1
播种面积,1
巴吾东,1
刑事诉讼,1
跑官,1
姚增科,1
塑料,1
科学合理,1
自觉遵守,1
险阻,1
倍,1
一九八二年,1
罗荣桓,1
膨胀率,1
迅猛,1
海峡,1
小组会,1
崛起,1
今日,1
阿尔及利亚,1
学潮,1
祝,1
贺信,1
停步,1
二分,1
陈再道,1
蔡奇,1
凌激,1
兴军开,1
命脉,1
职能部门,1
大改,1
发行量,1
要官,1
一百五十五,1
仪,1
批评者,1
五十多,1
发展缓慢,1
学雷锋,1
自始,1
天灾,1
以民为本,1
疑义,1
形势教育,1
真,1
杨传堂,1
近零碳,1
土壤污染,1
匪帮,1
品格,1
少康,1
坏事,1
软弱,1
带入,1
拨乱反正,1
畜产品,1
手里,1
责任感,1
采取措施,1
产品安全,1
姬鹏飞,1
治家,1
幸福生活,1
展现出,1
畜牧业,1
五千多年,1
心病,1
同伙,1
四名,1
不躁,1
耿,1
李源潮,1
榜样,1
总参谋,1
屏障,1
话语,1
孩子,1
反霸,1
二千,1
恩格,1
第一位,1
边疆地区,1
简约,1
辩证唯物主义,1
头人,1
政变,1
尽职,1
化危,1
辩证法,1
实右,1
鼓舞人心,1
领会,1
核对,1
水产业,1
偏离,1
收支平衡,1
农林牧副渔,1
开源,1
许可,1
总额,1
说老实话,1
社会工作,1
全面规划,1
极右派,1
用党,1
郑州,1
1982,1
年度计划,1
着力点,1
一百零八,1
披,1
售价,1
极化,1
阻挡,1
自愿,1
切实有效,1
组织协调,1
根本原因,1
放缓,1
比重,1
里程碑,1
奎,1
制止动乱,1
放管,1
工业产值,1
顾全,1
品牌,1
良玉,1
马来,1
转为,1
大程度,1
两种,1
社会规范,1
融入,1
企稳,1
决,1
创新型,1
一小部分,1
病狂,1
焕然一新,1
化肥,1
反坏,1
坚持下去,1
联创,1
公安干警,1
高层,1
军国主义,1
里安,1
离不开,1
自以为是,1
技术革新,1
乱加干涉,1
同甘共苦,1
惩处,1
浮躁,1
强权,1
李锡铭,1
小康生活,1
宽容,1
无把握,1
监督员,1
所有权,1
诸多,1
分散主义,1
打牢,1
组,1
垃圾,1
钢煤,1
讲道,1
不变价格,1
老实事,1
宝库,1
中心论,1
手工劳动,1
应酬,1
195,1
和缓,1
杜学芳,1
管理人员,1
重物,1
高悬,1
世世,1
强权政治,1
紧缩,1
管理机制,1
现任,1
勇于开拓,1
毕生精力,1
跨军,1
提价,1
万八千,1
姜信治,1
郎大忠,1
稳定局势,1
今世,1
组图,1
五十条,1
逐一,1
收在,1
挖出,1
劳动就业,1
良好基础,1
紧密联系,1
力点,1
初见成效,1
问责制,1
1993,1
珍视,1
劳力,1
自始至终,1
大洋,1
名,1
叠加,1
无敌于天下,1
便捷,1
有所改善,1
政社,1
件,1
谈心,1
财政赤字,1
基本特征,1
管理科学,1
解决目前,1
鞠鹏,1
信赖,1
西柏林,1
民事诉讼,1
新党员,1
道德观念,1
惩防,1
两步,1
岳,1
外人,1
地主分子,1
神圣职责,1
生活状况,1
手中,1
百花齐放,1
二百五,1
实证,1
定局,1
前开,1
多劳,1
期末,1
源自,1
跨,1
牵头,1
高层次,1
一九八五年,1
群众监督,1
情怀,1
燃烧,1
高技能,1
王明,1
老龄,1
民智,1
主观努力,1
整饬,1
裁量权,1
开端,1
民力,1
另有,1
清除出党,1
合唱,1
争鸣,1
力,1
能动,1
放活,1
昌盛,1
艰难险阻,1
大有作为,1
杨汝岱,1
扶正,1
政企不分,1
详尽,1
钢为,1
展望,1
不断丰富,1
事故,1
变价,1
吹拍,1
急风,1
登记,1
新旧体制,1
搬起,1
偏向,1
迎合,1
貌似,1
兢兢业业,1
支那,1
王克,1
傣族,1
养成,1
小生产者,1
责成,1
互称,1
陈鸣明,1
公信度,1
威胁,1
时代精神,1
出路,1
贺电,1
越南民主共和国,1
学科,1
纳新,1
跨越式,1
轻纺,1
评,1
知名,1
避害,1
大踏步,1
指标体系,1
张纪南,1
小生,1
志成,1
粗糙,1
归于,1
2000,1
假案,1
路子,1
党性原则,1
九百,1
描绘,1
中南,1
急需解决,1
反哺,1
袖手,1
高峰,1
事中,1
沙文主义,1
唯物主义,1
十三个,1
就业机会,1
适销,1
王建军,1
垄断,1
热烈祝贺,1
创作,1
根据上述,1
苦斗,1
管起,1
党代表大会,1
尼泊尔,1
献礼,1
达意,1
指导作用,1
全程,1
乘胜前进,1
登高望远,1
搞活流通,1
蔚然,1
中纪委,1
公共秩序,1
富有成效,1
安宁,1
四川,1
粗放经营,1
踏步,1
汇报,1
集体所有制,1
后继有人,1
罗马,1
奋起,1
私有财产,1
从今,1
在组织上,1
标准化,1
研究部,1
江华,1
日用品,1
碳,1
社会公德,1
百分之三十,1
取消,1
大得,1
不好,1
异常,1
优秀成果,1
竞争性,1
历史使命,1
审慎,1
坚固,1
社会变革,1
克己,1
规模经营,1
腐化,1
变修,1
罪名,1
稳定下来,1
代人,1
8900,1
报喜,1
叛党叛国,1
照搬照套,1
依附,1
防御,1
壮丽,1
扶正祛邪,1
何勇,1
掉,1
国家计划委员会,1
心向,1
心思,1
违法乱纪,1
巡回,1
课程,1
热诚,1
崔少鹏,1
保留,1
财政管理,1
干警,1
侵略战争,1
现代科技,1
契机,1
肃清流毒,1
供求关系,1
行政诉讼,1
表示慰问,1
桎梏,1
衔接起来,1
坚信,1
总数,1
四天,1
拖拉机,1
铁托,1
第九位,1
对本,1
深入研究,1
国法,1
罕见,1
五十多年,1
挖出来,1
评论,1
名品,1
之内,1
缺席,1
辫子,1
咸辉,1
奋力拼搏,1
大中小城市,1
百分之二十点,1
中等职业,1
思考问题,1
如实,1
联合政府,1
食品安全,1
前景,1
企业承包,1
解决办法,1
资助,1
国家统计局,1
评议,1
马正武,1
介石,1
改为,1
重组,1
有据,1
五反,1
系统工程,1
自我管理,1
空前团结,1
恐慌,1
文教卫生,1
济济,1
主管部门,1
技能,1
垄断行业,1
中是,1
今年以来,1
丑恶,1
基金,1
基层政权,1
自发势力,1
敬业,1
查核,1
因循,1
循序渐进,1
能动性,1
一元,1
预备期,1
点错,1
遍,1
敏锐性,1
中旬,1
冷静,1
第一版,1
民族主义,1
受人,1
十四个,1
保障机制,1
北京奥运,1
勇于探索,1
百分之十九,1
大势,1
监测,1
刘延东,1
爱劳动,1
民族之林,1
人口素质,1
第一产业,1
种粮,1
层层,1
投资体制,1
刑事犯罪,1
互联网,1
县委,1
九点,1
投身于,1
互信,1
市场竞争,1
加在,1
明史,1
新月,1
稳步发展,1
清醒认识,1
监控,1
高度民主,1
退下来,1
中美,1
使命感,1
对原,1
博会,1
反法,1
主心骨,1
以美帝,1
世博会,1
还价,1
华北,1
寄予,1
怀着,1
建章立制,1
马建堂,1
重点对象,1
不断加强,1
调性,1
捷克,1
稳步增长,1
至关重要,1
苦战,1
四点,1
轴带,1
证法,1
在世,1
扎得,1
持平,1
国有经济,1
1988,1
深深,1
七十五,1
直言,1
回归,1
滔天,1
效劳,1
斗志昂扬,1
柯庆施,1
表示同意,1
党外人士,1
尽其,1
收费,1
从谏如流,1
侵害,1
女党员,1
罚分,1
力气,1
产自,1
有意,1
论战,1
港人,1
孙文盛,1
逐条,1
留守,1
恶果,1
巩固国防,1
深切,1
严格要求,1
企业法人,1
197,1
屹立,1
才干,1
抵腐,1
望远,1
强基,1
沟通,1
国民收入,1
两种制度,1
加工工业,1
增收节支,1
良法,1
百花,1
适得其反,1
交活,1
贯串,1
和平力量,1
摆摆,1
一元化,1
水利建设,1
卖国,1
全局观念,1
担,1
选举权,1
覆盖面,1
贸易区,1
贵在,1
闭关锁国,1
飞行,1
两家,1
战斗历程,1
地会,1
六位,1
杰出贡献,1
勇斗,1
三十一,1
物质条件,1
篡政,1
大气,1
声中,1
新动力,1
工人员,1
枷锁,1
公司法人,1
不骄,1
划清界限,1
戒严,1
左倾,1
称霸世界,1
立改,1
松弛,1
惩恶扬善,1
中西部,1
沦为,1
受贿,1
落后面貌,1
会场,1
言,1
产,1
启智,1
说成,1
积极主动,1
其所,1
国际竞争,1
瞎指挥,1
逐步形成,1
变本,1
南朝,1
深刻领会,1
爱民,1
安子文,1
订出,1
富农,1
十三条,1
纪元,1
等价交换,1
富国,1
东方,1
唆使,1
后发,1
猛烈地,1
收买,1
动,1
报刊,1
放心,1
另一方,1
正确对待,1
讲话稿,1
职权范围,1
国民待遇,1
第一颗,1
占领,1
任用干部,1
百分之九十几,1
先富起来,1
后顾之忧,1
以钢,1
工矿,1
扣帽子,1
国际歌,1
起码要求,1
李一氓,1
老金,1
课堂,1
总趋势,1
卑鄙,1
人民大会堂,1
靖志远,1
五十五,1
中央财经,1
分级,1
鲜血,1
真话,1
编辑,1
霸占,1
矢志不渝,1
好处,1
涨幅,1
必严,1
处置,1
欺压,1
国际收支,1
水产品,1
魏文伯,1
无产者,1
奢靡,1
窝工,1
因在,1
国歌,1
农村干部,1
遭遇,1
2013,1
崔鹏,1
一对,1
建章,1
原则立场,1
草稿,1
请假,1
问政,1
房峰辉,1
通信,1
及时发现,1
高度文明,1
仇视,1
妇联,1
防修,1
超越,1
百分之四十,1
藏身,1
解决矛盾,1
解脱,1
老中青,1
医保,1
新闻宣传,1
觉醒,1
违法犯罪,1
明显好转,1
劳民,1
踏踏,1
政治权,1
参与权,1
从右,1
不悔改,1
人心思治,1
一百二十七,1
江,1
令人,1
选,1
知情,1
受益,1
扶,1
通运,1
专责,1
至上,1
分离,1
深刻影响,1
大学,1
伸手,1
亡党,1
老战士,1
张春贤,1
百分之一,1
三千万,1
常性,1
敌我矛盾,1
凝心,1
延安,1
东南亚,1
票选,1
中负,1
讨价,1
事关全局,1
业务精,1
大病,1
实质性,1
谋,1
尽兴,1
此基础,1
反覆,1
院校,1
聚力,1
九二,1
叙述,1
考问,1
一个多,1
大放,1
销售价格,1
林业,1
江山,1
王晨,1
济济一堂,1
熊熊燃烧,1
陪审员,1
政治觉悟,1
万台,1
中东,1
喜人,1
整体利益,1
群众观,1
郭林祥,1
卷土重来,1
不肯,1
及时性,1
行政区划,1
翻身,1
工作实绩,1
得住,1
洞察,1
没有特权,1
大对,1
英勇斗争,1
本本主义,1
二要,1
环境质量,1
党员个人,1
制裁,1
实验室,1
明春,1
产权交易,1
工伤,1
轻纺产品,1
迅速行动,1
蒙尘,1
拉票,1
党代表,1
新型农村,1
模范人物,1
缺失,1
俞贵麟,1
假,1
彻底改变,1
美日,1
腐朽思想,1
满腔热情,1
管理水平,1
初步成效,1
入手,1
罗马尼,1
出色,1
确属,1
劳动所,1
地用,1
错误处理,1
工资水平,1
非,1
文教,1
志远,1
三实,1
心系,1
崇高威望,1
建档立卡,1
黄晓薇,1
无愧,1
海岩,1
片面,1
群众观点,1
分化,1
农户,1
不许,1
先由,1
供求,1
北非,1
司法人员,1
大起,1
陈敏尔,1
热爱祖国,1
暨,1
联系群众,1
制度性,1
名字,1
采取相应,1
一再,1
诬陷,1
提,1
总供给,1
独立国家,1
几件,1
互助合作,1
熊熊,1
新机制,1
新鲜,1
收入水平,1
纵深,1
失调,1
别有,1
排场,1
举国,1
偏少,1
胸怀,1
良好氛围,1
突发事件,1
击败,1
万春,1
拖延,1
刑事犯,1
后发优势,1
大海,1
大鸣大放,1
诽谤,1
民生问题,1
过分,1
南翔,1
观,1
年富力强,1
垂直,1
锲而不舍,1
原则性,1
大中小,1
丝毫,1
二十三名,1
得力,1
东南,1
下有,1
克,1
老中,1
产物,1
意气,1
预选,1
第二次国内革命战争,1
文学艺术,1
杨泰芳,1
警钟,1
盛气,1
李雪峰,1
谭绍文,1
己任,1
重要环节,1
铁拳,1
新论断,1
四季,1
四件,1
文化交流,1
来党,1
机械化,1
多种经营,1
零一人,1
港人治港,1
半途而,1
安启元,1
起过,1
发展党员,1
堕落,1
看待,1
贿选,1
不公,1
促进改革,1
139,1
精神枷锁,1
理科,1
权界,1
钢将,1
北京市委,1
六百,1
党员意识,1
投放,1
统治阶级,1
拉夫,1
梦想,1
学用,1
遗留下来,1
包干,1
人身依附,1
独断,1
三五年,1
大洋洲,1
考查,1
事迹,1
加强团,1
追悼会,1
滥权,1
争分夺秒,1
七亿,1
职业化,1
反面典型,1
做官,1
零售物价,1
比阔气,1
资质,1
严格控制,1
精细化,1
重托,1
一块,1
勤政为民,1
教育引导,1
罢免,1
旁观,1
各政党,1
一半,1
高于,1
讲文明,1
国家机器,1
换取,1
弱,1
拥军,1
李作鹏,1
雄心,1
苗华,1
诚心,1
成分,1
老实人,1
八五年,1
革命派,1
能源消耗,1
彭冲,1
省籍,1
七号,1
南越,1
前行,1
市场监管,1
挖掘,1
历史关头,1
初叶,1
法宝,1
即形,1
民主人士,1
发性,1
万事,1
八十九,1
东,1
重大责任,1
格斯,1
四清,1
矢志,1
政协全国委员会,1
五千多,1
文过饰非,1
土地改革,1
十二个,1
千多年,1
独断专行,1
窃据,1
渔业,1
销售价,1
精神支柱,1
震慑,1
复活,1
会堂,1
程子华,1
千百,1
赤字,1
高产,1
殷切期望,1
张江姚,1
严格监督,1
当今世界,1
最低工资,1
公用事业,1
回来,1
比较落后,1
极少数人,1
无从,1
与人为善,1
重来,1
民主评议,1
相得,1
发起,1
反动势力,1
变动,1
根源,1
缔结,1
竭力,1
富足,1
工商登记,1
记取,1
闹,1
发进,1
稳固,1
照办,1
精兵,1
参保,1
掌声不绝,1
数据,1
举国上下,1
林伯渠,1
过大,1
电力,1
服务设施,1
紧要,1
科技体制,1
从极,1
使用权,1
正当,1
两件,1
虚弱,1
解放战争,1
真相,1
春生,1
谈不上,1
二十三条,1
职工基本,1
廖承志,1
领导者,1
土壤,1
科学事业,1
重器,1
恪守,1
国要,1
上级领导,1
符合条件,1
狂热,1
两倍,1
大合唱,1
誓师,1
常规,1
征购,1
二十周年,1
下大力气,1
出厂价,1
疫情,1
物品,1
人才辈出,1
农业丰收,1
重担,1
犯罪活动,1
农业产业,1
声,1
创造精神,1
中心点,1
发来,1
共治,1
南北,1
李鸿忠,1
工资制,1
下滑,1
宽广,1
九位,1
非法,1
大队,1
一带,1
树丛,1
不竭,1
先进典型,1
超额分配,1
衣钵,1
党的方针,1
胆子,1
天,1
走路,1
表态,1
四季度,1
查办,1
相衔接,1
协调性,1
奋发向上,1
盗窃,1
掩盖,1
有用,1
妥善解决,1
打棍子,1
邱衍汉为,1
抵制,1
死不改悔,1
买官,1
经济带,1
大方向,1
奔小康,1
活泼地,1
别有用心,1
纵容,1
财贸,1
飚,1
打开,1
早就,1
赤裸,1
西德,1
属性,1
进城,1
多样性,1
认清,1
管用,1
百分之六十五,1
劳动党中央,1
事后,1
头号,1
实施细则,1
英明领导,1
事实证明,1
纠纷,1
交通运输,1
人民陪审员,1
大打,1
交叉,1
自强,1
先发,1
两国,1
讲排场,1
水资源,1
节水,1
定下,1
掩盖着,1
底线,1
汇集,1
更趋,1
向背,1
县级,1
独立性,1
精细,1
思想僵化,1
群众反映,1
近一年来,1
战斗性,1
曹刚川,1
军事家,1
六百五十,1
货币回笼,1
舒晓琴,1
段,1
张春生,1
严把,1
导带,1
地逐章,1
文山会海,1
关爱,1
十名,1
国营商业,1
负面,1
廉耻,1
自主经营,1
规律性,1
小部,1
健全法制,1
丧心,1
报忧,1
乔,1
出乱子,1
贵重物品,1
上天,1
崔波,1
祸害,1
看作,1
移风易俗,1
疑问,1
育,1
放松,1
对此,1
杨晶,1
说服,1
狂妄,1
吃饭,1
卖官,1
九篇,1
十多亿,1
村容,1
王新,1
动工,1
控,1
宋时轮,1
各界,1
日起,1
刘建生,1
加价,1
党有,1
本特,1
三步,1
反正,1
振兴中华,1
修改意见,1
乡镇党委,1
潜力,1
敢说敢做,1
中国新民主主义革命,1
终身教育,1
资金来源,1
退下,1
等价,1
卫星,1
于法,1
同甘,1
秉持,1
缺点错误,1
从今年起,1
无偿,1
偏低,1
不畏艰难,1
对内,1
不思进取,1
粮棉,1
守纪,1
马来西亚,1
出厂,1
尹长民,1
通高,1
要点,1
技术人员,1
九十七,1
谭震林,1
多劳多得,1
核试验,1
夫妇,1
新风,1
援,1
群团,1
一般化,1
便利,1
十点,1
罗干,1
腐化堕落,1
拉拉,1
爆发,1
大会堂,1
如期完成,1
四十九名,1
同情,1
文风,1
长鸣,1
当今,1
黑帮,1
休假,1
趋利避害,1
杜星垣,1
参股,1
意志品质,1
指挥权,1
管理机构,1
等待,1
缓和,1
标兵,1
公文,1
维权,1
采取有效,1
节奏,1
修防修,1
抉择,1
掌好权,1
法纪,1
社会交往,1
赵立雄,1
红军,1
写,1
不顾,1
千百万,1
工资改革,1
阻止,1
邹家,1
批评性,1
上以,1
还象,1
捍卫者,1
积极开展,1
相近,1
村,1
李希,1
七十七,1
2005,1
公民权利,1
后继,1
迅猛发展,1
优惠政策,1
植被,1
华东局,1
反侵略,1
帽子,1
提要,1
人心向背,1
英才,1
中立,1
坚定信念,1
振起,1
筹备,1
孟加拉,1
愚公,1
一家,1
垂死,1
同等,1
接起,1
交融,1
满腔,1
尤木,1
长足,1
控制数字,1
反击,1
干部带头,1
无私奉献,1
逐句,1
审时度势,1
黄河,1
毕业生,1
忠心,1
购,1
七十四,1
动机,1
沉着,1
后备力量,1
外,1
156,1
开源节流,1
实用,1
请示报告,1
群策群力,1
菊,1
同王,1
气候变化,1
工作力度,1
粗放型,1
品德,1
加工,1
这部分,1
饮水,1
延长,1
内政外交,1
务工,1
历史教训,1
先进设备,1
因而是,1
人文,1
利器,1
混乱状态,1
独立王国,1
批林,1
地逐段,1
正派,1
国富,1
废释,1
尉键行,1
一打,1
蓝色,1
击退,1
胜过,1
文摄,1
深得,1
消费者,1
始终一贯,1
阅读,1
加倍,1
祛邪,1
一举,1
封信,1
利益集团,1
告诉,1
尼西,1
话语权,1
低于,1
常万全,1
三季度,1
公道,1
二十二日,1
排除万难,1
题,1
看病贵,1
一产,1
情形,1
两大,1
除恶,1
陈炳德,1
之魂,1
有效率,1
马顺清,1
乱纪,1
政治性,1
贵重,1
八十一,1
中央常委,1
另搞一套,1
新机,1
2035,1
公民权,1
今冬明春,1
文字,1
负责制,1
讲道德,1
学艺,1
永垂不朽,1
便民,1
151,1
大程,1
理论战线,1
较长,1
难点,1
二百八十万,1
开放市场,1
在此之前,1
忠心耿耿,1
百分之一百,1
畜产,1
艺术,1
细化,1
管理科,1
微观,1
跃升,1
璧,1
冒险主义,1
丰收在望,1
不好过,1
人民法院,1
枪,1
今春,1
劳动模范,1
乱子,1
管治,1
条中,1
因循守旧,1
互交,1
自然生态,1
钢铁,1
基准,1
保护伞,1
提高素质,1
株连,1
品质,1
全民皆兵,1
市场主体,1
精神实质,1
贫穷落后,1
农业机械,1
谋取,1
多层次性,1
带头人,1
世世代代,1
总参,1
敌视,1
总参谋长,1
充满希望,1
不办,1
倾听,1
早日,1
合理配置,1
共同进步,1
历史文献,1
而用,1
剧烈,1
无耻,1
五时整,1
埋头苦干,1
硬骨头,1
归宿,1
重大事件,1
无政府,1
严峻考验,1
责任人,1
意气风发,1
知情权,1
多万名,1
紧日子,1
包庇,1
春季,1
不去,1
几代人,1
顶层,1
新举措,1
人力,1
促农,1
面目一新,1
自留,1
暧昧,1
低工资,1
早有,1
诬为,1
十二点,1
克斯,1
政务,1
马伟明,1
八九,1
关头,1
混,1
韧劲,1
劳动纪律,1
乐队,1
荣辱观,1
经验不足,1
摆脱,1
引导人,1
人大常委会,1
场主,1
层级,1
文明执法,1
当好,1
中致,1
县域,1
见成效,1
断行,1
三支两军,1
拚,1
汪洋大海,1
传导,1
大林,1
公安部,1
火青,1
亿多亩,1
科技型,1
公认,1
统筹安排,1
东北局,1
时艰,1
经得住,1
八倍,1
又快又好,1
死不悔改,1
新加坡,1
朱祖良,1
鹏飞,1
英国,1
江必新,1
丧心病狂,1
贫穷,1
病因,1
天下第一,1
理政中,1
王国,1
追悼,1
好意,1
不畏,1
守卫,1
作成,1
十二分,1
老龄化,1
心诚,1
孙玉国,1
逐利,1
切实落实,1
世博,1
沙文,1
用能权,1
儿童,1
配备,1
罪恶累累,1
兴利,1
先行,1
彰显,1
儿女,1
称霸,1
辞职,1
基层干部,1
我党我军,1
建政,1
群力,1
下行,1
民警,1
日新月异,1
刘滨,1
威望,1
集约经营,1
街道,1
想要,1
诚意,1
变本加厉,1
吸取,1
邱学强,1
评估,1
记录,1
之地,1
张阳,1
收敛,1
听证,1
问计,1
猛烈,1
认真总结,1
新动向,1
靠前,1
急于求成,1
狭隘,1
多予,1
弄通,1
夏秋,1
各具特色,1
埋藏,1
旗鼓,1
跨进,1
诚心诚意,1
人才资源,1
洪学智,1
拉扯,1
足够,1
择优,1
自行决定,1
177,1
不应,1
李井泉,1
来犯之敌,1
知名品牌,1
时作,1
精兵简政,1
更为重要,1
齐放,1
用水,1
比例失调,1
较长时间,1
雄壮,1
锐利武器,1
清流,1
经济繁荣,1
生产者,1
商品经济,1
统计局,1
源地,1
奋发进取,1
拥有量,1
发展趋势,1
青山,1
略高于,1
过硬,1
出生,1
认清形势,1
渐进,1
再次发生,1
人情案,1
中长,1
排灌,1
幼,1
党为,1
社会风尚,1
本色,1
半封闭,1
无政府主义,1
民主决策,1
物质力量,1
有民,1
对抗,1
林产,1
工副业,1
沈图,1
财力,1
终将,1
猖狂,1
伊里安,1
趋利,1
一百二十六,1
居民收入,1
勿,1
当务之急,1
台湾地区,1
徐才厚,1
万名,1
畜牧,1
投机,1
克己奉公,1
固定,1
耐力,1
生活必需,1
缔造者,1
走投无路,1
特殊照顾,1
再大,1
张震,1
细则,1
有偿,1
努力争取,1
十六名,1
众志成城,1
一九七一年,1
游行,1
凑,1
逐步完善,1
只争朝夕,1
神舟,1
狠抓落实,1
民众,1
工会,1
一有,1
随同,1
狂热性,1
估量,1
先进集体,1
防灾,1
第一天,1
强国富民,1
倾斜,1
不懈努力,1
纵向,1
转发,1
充分说明,1
实名,1
回应,1
制,1
张定发,1
倒把,1
伸张,1
公用权,1
死党,1
度,1
多一点,1
越抗美,1
公德,1
人力资源,1
形象工程,1
新纪元,1
真面目,1
自然资源,1
以城带,1
经常性,1
恪尽职守,1
传家,1
蒋南翔,1
人大代表,1
得以,1
备荒,1
洛桑,1
文明史,1
王作安,1
领导力,1
忘我,1
技术开发区,1
餐饮,1
南斯拉夫,1
挥手,1
五十三,1
涉农,1
苦干实干,1
丰裕,1
四分之一,1
二十亿元,1
六十五,1
奖惩,1
思想倾向,1
哲学著作,1
爱国同胞,1
承载,1
耿耿,1
觉察,1
外交活动,1
拜,1
机动,1
点五,1
抵抗,1
可行,1
社会科学,1
某种,1
推卸,1
丰富多彩,1
邪风,1
来到,1
叛党,1
三十二,1
减产,1
四十五,1
切中,1
明确提出,1
集聚,1
似地,1
貌似强大,1
合作医疗,1
增强党性,1
第一部,1
陆,1
惩前,1
革命领袖,1
北京市,1
积极探索,1
根本好转,1
文山,1
率领,1
共青团员,1
淡漠,1
紧盯,1
露骨,1
大面,1
师大,1
银山,1
歼灭,1
功,1
抓辫子,1
出厂价格,1
这部,1
传下,1
突发性,1
权利义务,1
叛国,1
征集,1
二十二位,1
漠视,1
印度尼西亚,1
小局,1
过低,1
出手,1
具体化,1
片面追求,1
严肃查处,1
经营权,1
一贯主张,1
便利化,1
二靠,1
欣欣,1
王光,1
煤由,1
体察民情,1
整洁,1
洋钢,1
收藏,1
人情,1
重新认识,1
六千五百,1
低消耗,1
鼓劲,1
概括,1
作假,1
军内,1
道德观,1
炮火,1
持续增长,1
杨勇,1
天然,1
司法公正,1
脚,1
手脚,1
打败,1
三十七,1
夙愿,1
闭幕词,1
黄智权,1
不相适应,1
同以,1
强身,1
人畜,1
乘势而上,1
问政于民,1
吹吹拍拍,1
大吉,1
狂人,1
内容提要,1
十九个,1
唯心论,1
致用,1
顺乎,1
团员,1
以队,1
经营责任制,1
百分之七十三点,1
从长远看,1
督查,1
周福启,1
崇高威信,1
调解,1
主要矛盾,1
科学内涵,1
好心好意,1
欣欣向荣,1
步调一致,1
网络,1
打造,1
许党,1
陈,1
高奏,1
乱加,1
脊骨,1
厚植,1
六名,1
不明,1
延伸,1
生产自救,1
141,1
检举,1
击溃,1
文明户,1
朱,1
航向,1
违宪,1
准绳,1
画像,1
打好,1
刚性,1
严厉打击,1
伤财,1
主观因素,1
受权,1
黄敬,1
镇党委,1
主旋律,1
陈武,1
走出,1
旧社会,1
反修,1
几十个,1
办案,1
入水,1
三产,1
陆续,1
民为,1
精简机构,1
滥用,1
许国,1
调查核实,1
传家宝,1
尽力而为,1
保持平衡,1
拍拍,1
袖手旁观,1
行程,1
抗击,1
调用,1
公安民警,1
二十九日,1
致富,1
传下去,1
继续执行,1
明令禁止,1
文艺作品,1
托派,1
行贿,1
地要,1
价值规律,1
各行其是,1
司法部,1
施行,1
誓师大会,1
不断改进,1
磅礴,1
阶级路线,1
劳民伤财,1
第四季度,1
宪为,1
亡国,1
